lieu;type_patient;;type_famille;;autre_membre;age;enceinte;acc_enfant;cat_pro;cat_logement;;nb_enfants_mineurs;nb_enfants_majeurs;age_enfant1;age_enfant2;age_enfant3;age_enfant4;age_enfant5;age_enfant6;age_enfant7;age_enfant8;age_enfant9;age_enfant10;age_enfant11;age_enfant12;avant_rien;avant_contact;avant_tel;venue1;venue2;;venur_nb;raison_venue;sante_mentale;obstacle1;obstacle2;obstacle3;obstacle4;obstacle5;obstacle6;obstacle7;avantage1;avantage2;avantage3;avantage4;avantage5;avantage6;avantage7;avantage8;avantage9;avantage10;avantage11;transfo1;transfo2;transfo3;transfo4;transfo5;reconfort;relation1;relation2;relation3;relation4;relation5;relation6;dialogue;transfo6;transfo7;transfo8;transfo9;transfo10;transfo11;transfo12;diff1;diff2;transf13;diff3;diff4;ommentaire;ommentaire
Le Grand-Bornand;Autre (veuillez préciser);Père + mère;Une famille nucléaireUne famille composée d'un couple de parents et leur(s) enfant(s);;Non;Entre 18 et 39 ans;Non;Accompagné(e) d'un ou plusieurs enfant(s);Cadre, profession intellectuelle supérieure;Vous habitez dans un appartement dont vous êtes propriétaire ou locataire;;2;0;1 an;5 ans;;;;;;;;;;;Ni l'un ni l'autre;;;Oui;;;;curiosité;Excellent;;;;;;;La difficulté de me confier, la peur de ce que je peux découvrir sur moi;Neutre;Très important pour moi;Très important pour moi;Important pour moi;Pas du tout important pour moi;Pas du tout important pour moi;Important pour moi;Pas très important pour moi;Pas très important pour moi;Important pour moi;;Oui, tout à fait;Oui, tout à fait;Oui, tout à fait;Oui, tout à fait;Oui, tout à fait;Oui, tout à fait;Elle a toujours été épanouissante;;;;;;Oui, tout à fait;Tout à fait d'accord;Tout à fait d'accord;Plutôt d'accord;Plutôt d'accord;Tout à fait d'accord;Parfois;Plutôt d'accord;Tout à fait d'accord;Tout à fait d'accord;;;;;
Le Grand-Bornand;Mère;;Une famille nucléaireUne famille composée d'un couple de parents et leur(s) enfant(s);;Non;Entre 18 et 39 ans;Oui;Accompagné(e) d'un ou plusieurs enfant(s);Profession intermédiaire;Vous habitez dans un appartement dont vous êtes propriétaire ou locataire;;1;0;Moins d'un an;;;;;;;;;;;;Ni l'un ni l'autre;;;Oui;;;;;Moyen;;;La peur que l’entourage apprenne que je consulte ce professionnel;;;;La difficulté de me confier, la peur de ce que je peux découvrir sur moi;Neutre;Neutre;Important pour moi;Important pour moi;Important pour moi;Important pour moi;Neutre;Important pour moi;Important pour moi;Important pour moi;;Oui, tout à fait;Oui, tout à fait;Oui, un peu;Oui, tout à fait;Oui, un peu;Oui, tout à fait;;;;;Je ne comprends pas mon enfant;;Non, plutôt pas;Plutôt d'accord;;Ni d'accord ni pas d'accord;Ni d'accord ni pas d'accord;Ni d'accord ni pas d'accord;Souvent;Plutôt d'accord;Plutôt pas d'accord;Plutôt pas d'accord;;;;;
Le Grand-Bornand;Autre (veuillez préciser);n'a pas rempli;Une famille monoparentale;;Non;Plus de 50 ans;Non;Sans enfant;Profession intermédiaire;Vous habitez dans un appartement dont vous êtes propriétaire ou locataire;;1;0;17 ans;;;;;;;;;;;;Ni l'un ni l'autre;;;Oui;;;;;Mauvais;;;;;;;;Important pour moi;Important pour moi;Important pour moi;Important pour moi;Important pour moi;Important pour moi;Important pour moi;Important pour moi;Important pour moi;Important pour moi;;Oui, tout à fait;Oui, tout à fait;Oui, un peu;Oui, tout à fait;Oui, tout à fait;Oui, tout à fait;;Elle est conflictuelle;;;;;Non, pas du tout;Plutôt d'accord;;Plutôt d'accord;Plutôt d'accord;Ni d'accord ni pas d'accord;Très souvent;Tout à fait d'accord;Plutôt pas d'accord;Plutôt pas d'accord;;;;;
Le Grand-Bornand;Mère;;Une famille nucléaireUne famille composée d'un couple de parents et leur(s) enfant(s);;Non;Entre 40 et 49 ans;Non;Sans enfant;Cadre, profession intellectuelle supérieure;Vous habitez dans une maison dont vous êtes propriétaire ou locataire;;3;0;7 ans;7 ans;7 ans;;;;;;;;;;Ni l'un ni l'autre;;;Non;6 mois et plus (veuillez précisez le nombre de mois);X;2 fois;échange avec pro;Très bon;;;;;;Le fait de ne pas savoir à qui s’adresser;;Très important pour moi;Très important pour moi;Très important pour moi;Très important pour moi;Très important pour moi;Pas très important pour moi;Très important pour moi;Neutre;Pas du tout important pour moi;Important pour moi;;Oui, tout à fait;Oui, tout à fait;Oui, un peu;Oui, un peu;Oui, un peu;Oui, plutôt;Elle a toujours été épanouissante;Elle est conflictuelle;;;Je ne comprends pas mon enfant;pas figé;Oui, plutôt;Ni d'accord ni pas d'accord;Plutôt d'accord;Ni d'accord ni pas d'accord;Plutôt d'accord;Tout à fait d'accord;Ni d'accord ni pas d'accord;Oui, plutôt;Rarement;Plutôt pas d'accord;Oui, tout à fait;Plutôt d'accord;Plutôt d'accord;Oui;merci !
Le Grand-Bornand;Mère;;Une famille nucléaireUne famille composée d'un couple de parents et leur(s) enfant(s);;Non;Entre 18 et 39 ans;Non;Accompagné(e) d'un ou plusieurs enfant(s);Artisan(e), commerçant(e), chef·fe d'entreprise;Vous habitez dans un appartement dont vous êtes propriétaire ou locataire;;2;0;Moins d'un an;5 ans;;;;;;;;;;;Ni l'un ni l'autre;;;Oui;;;;colère et ?? enfant de 5 ans;Moyen;;;;La difficulté à avoir un rendez-vous avec un de ces professionnels;;;;Neutre;Important pour moi;Important pour moi;Important pour moi;Neutre;Neutre;Important pour moi;Important pour moi;Important pour moi;Important pour moi;;Oui, tout à fait;Oui, tout à fait;Oui, un peu;Oui, tout à fait;Oui, un peu;Oui, tout à fait;;;;;Je ne comprends pas mon enfant;;Oui, plutôt;Plutôt d'accord;Plutôt d'accord;Plutôt pas d'accord;Plutôt pas d'accord;Plutôt pas d'accord;Souvent;Plutôt d'accord;Pas du tout d'accord;Pas du tout d'accord;;;;;
Le Grand-Bornand;Autre (veuillez préciser);n'a pas répondu;Une famille nucléaireUne famille composée d'un couple de parents et leur(s) enfant(s);;Non;Entre 40 et 49 ans;Non;Accompagné(e) d'un ou plusieurs enfant(s);Profession intermédiaire;Vous habitez dans un appartement dont vous êtes propriétaire ou locataire;;3;0;12 ans;10 ans;3 ans;;;;;;;;;;Ni l'un ni l'autre;;;Oui;;;;;Moyen;;;;;;Le fait de ne pas savoir à qui s’adresser;;Neutre;Important pour moi;Important pour moi;Important pour moi;Neutre;Important pour moi;Neutre;Important pour moi;Important pour moi;Important pour moi;;Oui, tout à fait;Oui, un peu;Oui, un peu;Non;Non;Oui, plutôt;;Elle est conflictuelle;;;;;Non, plutôt pas;Ni d'accord ni pas d'accord;Ni d'accord ni pas d'accord;Ni d'accord ni pas d'accord;Plutôt d'accord;Ni d'accord ni pas d'accord;Parfois;Plutôt d'accord;Pas du tout d'accord;Pas du tout d'accord;;;;;
Le Grand-Bornand;Mère;;Une famille nucléaireUne famille composée d'un couple de parents et leur(s) enfant(s);;Non;Entre 18 et 39 ans;Non;Accompagné(e) d'un ou plusieurs enfant(s);Artisan(e), commerçant(e), chef·fe d'entreprise;Vous habitez dans une maison dont vous êtes propriétaire ou locataire;;2;0;7 ans;4 ans;;;;;;;;;;;Ni l'un ni l'autre;;;Oui;;;;hasard lors du festival;Très bon;;;;;;Le fait de ne pas savoir à qui s’adresser;;Très important pour moi;Très important pour moi;Très important pour moi;Très important pour moi;Très important pour moi;Très important pour moi;Très important pour moi;Très important pour moi;Très important pour moi;Très important pour moi;;Oui, tout à fait;Oui, un peu;Oui, un peu;Oui, tout à fait;Oui, tout à fait;Oui, tout à fait;Elle a toujours été épanouissante;Elle est conflictuelle;;;;;Oui, plutôt;Plutôt d'accord;Tout à fait d'accord;Tout à fait d'accord;Tout à fait d'accord;Plutôt d'accord;Parfois;Plutôt d'accord;Tout à fait d'accord;Plutôt pas d'accord;Merci beaucoup pour l'accueil et l'écoute;;;;
Le Grand-Bornand;Mère;;Une famille nucléaireUne famille composée d'un couple de parents et leur(s) enfant(s);;Non;Entre 40 et 49 ans;Non;Sans enfant;Cadre, profession intellectuelle supérieure;Vous habitez dans une maison dont vous êtes propriétaire ou locataire;;1;0;6 ans;;;;;;;;;;;;Ni l'un ni l'autre;;;Oui;;;;Interrogation sur les troubles alimentaires (hypersélectivité alimentaire);Bon;;;;La difficulté à avoir un rendez-vous avec un de ces professionnels;;;La difficulté de me confier, la peur de ce que je peux découvrir sur moi;Important pour moi;Très important pour moi;Important pour moi;Important pour moi;Important pour moi;Important pour moi;Important pour moi;Important pour moi;Important pour moi;Important pour moi;;Oui, tout à fait;Oui, un peu;Oui, un peu;Oui, un peu;Oui, tout à fait;Oui, plutôt;Elle a toujours été épanouissante;;;;;;Oui, tout à fait;;;;;;Parfois;Plutôt d'accord;Ni d'accord ni pas d'accord;Ni d'accord ni pas d'accord;Merci pour ce temps d'accueil et d'échange. Je découvre votre association et j'aurais aimé qu'il y ait une antenne plus proche de chez moi (j'habite à Grenoble).;;;;
Le Grand-Bornand;Autre (veuillez préciser);n'a pas répondu;Une famille nucléaireUne famille composée d'un couple de parents et leur(s) enfant(s);;Non;Entre 18 et 39 ans;Non;Accompagné(e) d'un ou plusieurs enfant(s);Employé(e);Vous habitez dans une maison dont vous êtes propriétaire ou locataire;;2;0;11 ans;10 ans;;;;;;;;;;;Ni l'un ni l'autre;;;Oui;;;;la curiosité;Excellent;Le prix de la consultation;;;;;;;Très important pour moi;Très important pour moi;Très important pour moi;Très important pour moi;Neutre;Très important pour moi;Très important pour moi;Très important pour moi;Très important pour moi;Très important pour moi;;Oui, un peu;Oui, tout à fait;Oui, un peu;Oui, un peu;Oui, un peu;Oui, tout à fait;Elle a toujours été épanouissante;;;;;;Oui, plutôt;Plutôt d'accord;Plutôt d'accord;Ni d'accord ni pas d'accord;Tout à fait d'accord;Plutôt d'accord;Parfois;Plutôt d'accord;Ni d'accord ni pas d'accord;Plutôt d'accord;;;;;
Le Grand-Bornand;Mère;;Une famille recomposée;;Non;Plus de 50 ans;Non;Accompagné(e) d'un ou plusieurs enfant(s);Profession intermédiaire;Vous habitez dans une maison dont vous êtes propriétaire ou locataire;;1;0;9 ans;;;;;;;;;;;;Ni l'un ni l'autre;;;Oui;;;;Partager et recevoir un regard sur mon fils;Moyen;Le prix de la consultation;;La peur que l’entourage apprenne que je consulte ce professionnel;;;;;Important pour moi;Très important pour moi;Très important pour moi;Important pour moi;Important pour moi;Important pour moi;Important pour moi;Très important pour moi;Très important pour moi;Très important pour moi;;Oui, tout à fait;Oui, tout à fait;Non;Oui, un peu;Oui, un peu;Oui, tout à fait;Elle a toujours été épanouissante;Elle est conflictuelle;;;;;Oui, plutôt;Plutôt d'accord;Plutôt d'accord;Ni d'accord ni pas d'accord;Plutôt d'accord;Ni d'accord ni pas d'accord;Parfois;Plutôt d'accord;Ni d'accord ni pas d'accord;Ni d'accord ni pas d'accord;;;;;
Le Grand-Bornand;Autre (veuillez préciser);Grand-mère;Une famille nucléaireUne famille composée d'un couple de parents et leur(s) enfant(s);;Non;Plus de 50 ans;Non;Accompagné(e) d'un ou plusieurs enfant(s);Retraité(e);Vous habitez dans un appartement dont vous êtes propriétaire ou locataire;;1;2;21 ans et plus;21 ans et plus;14 ans;;;;;;;;;;Ni l'un ni l'autre;;;Oui;;;;;Bon;Le prix de la consultation;;;;;;;Neutre;Important pour moi;Important pour moi;Important pour moi;Neutre;Neutre;Neutre;Important pour moi;Important pour moi;Important pour moi;;;;;;;Ni oui ni non;;;;;;;Non, plutôt pas;Plutôt d'accord;Tout à fait d'accord;Pas du tout d'accord;Pas du tout d'accord;Pas du tout d'accord;Souvent;Ni d'accord ni pas d'accord;Plutôt d'accord;Plutôt d'accord;;;;;
Le Grand-Bornand;Autre (veuillez préciser);Professionnelle du spectacle vivant (jeune public);Autre (veuillez préciser);un couple sans enfants;Non;Plus de 50 ans;Non;Sans enfant;Profession intermédiaire;Vous habitez dans une maison dont vous êtes propriétaire ou locataire;;0;0;;;;;;;;;;;;;Ni l'un ni l'autre;;;Oui;;;;;;;;;;;;;;;;;;;;;;;;;;;;;;;;;;;;;;;;;;;;;;;;;;
Le Grand-Bornand;Mère;;Une famille nucléaireUne famille composée d'un couple de parents et leur(s) enfant(s);;Non;Plus de 50 ans;Non;Sans enfant;Retraité(e);Vous habitez dans une maison dont vous êtes propriétaire ou locataire;;0;0;;;;;;;;;;;;;Ni l'un ni l'autre;;;Oui;;;;;Très bon;;;;;;;;Neutre;Important pour moi;Important pour moi;Important pour moi;Important pour moi;Important pour moi;Important pour moi;Important pour moi;Important pour moi;Important pour moi;;Oui, tout à fait;;;;Oui, un peu;Oui, plutôt;;;;;Je ne comprends pas mon enfant;;Oui, plutôt;Plutôt d'accord;;;;;Souvent;Ni d'accord ni pas d'accord;Plutôt d'accord;Plutôt d'accord;Nous avons pu exprimer nos difficultés avec notre fils adulte. [questionnaire rempli par le père et la mère ensemble];;;;
Le Grand-Bornand;Mère;;Une famille recomposée;;Non;Plus de 50 ans;Non;Accompagné(e) d'un ou plusieurs enfant(s);Profession intermédiaire;Vous habitez dans une maison dont vous êtes propriétaire ou locataire;;1;0;9 ans;;;;;;;;;;;;Ni l'un ni l'autre;;;Non;Moins d'un mois;;2 fois;Conseil autour de la colère;Excellent;;;;La difficulté à avoir un rendez-vous avec un de ces professionnels;;;;Très important pour moi;Très important pour moi;Très important pour moi;Très important pour moi;Très important pour moi;Très important pour moi;Très important pour moi;Très important pour moi;Très important pour moi;Très important pour moi;;Oui, tout à fait;Oui, tout à fait;Oui, tout à fait;Oui, tout à fait;;Oui, tout à fait;Elle a toujours été épanouissante;Elle est conflictuelle;;;;;Oui, plutôt;Plutôt d'accord;Plutôt d'accord;Plutôt d'accord;Ni d'accord ni pas d'accord;Plutôt d'accord;Plutôt d'accord;Oui, plutôt;Parfois;Plutôt d'accord;Oui, plutôt;Plutôt d'accord;Ni d'accord ni pas d'accord;Oui;Merci !
Le Grand-Bornand;Autre (veuillez préciser);Grand-mère;Une famille nucléaireUne famille composée d'un couple de parents et leur(s) enfant(s);;Non;Plus de 50 ans;Non;Accompagné(e) d'un ou plusieurs enfant(s);Cadre, profession intellectuelle supérieure;Vous habitez dans une maison dont vous êtes propriétaire ou locataire;;0;0;;;;;;;;;;;;;Ni l'un ni l'autre;;;Oui;;;;Hier perte de l'enfant;Excellent;;;;;;;;Très important pour moi;Très important pour moi;Très important pour moi;Très important pour moi;Très important pour moi;Très important pour moi;Très important pour moi;Très important pour moi;Très important pour moi;Très important pour moi;;Oui, tout à fait;;;;;Ni oui ni non;Elle a toujours été épanouissante;;;;;;Oui, plutôt;Plutôt d'accord;;;;;Parfois;Ni d'accord ni pas d'accord;Ni d'accord ni pas d'accord;Ni d'accord ni pas d'accord;Merci pour ce temps d'échange qui m'a permis de comprendre;;;;
Le Grand-Bornand;Mère;;Une famille nucléaireUne famille composée d'un couple de parents et leur(s) enfant(s);;Non;Entre 18 et 39 ans;Non;Sans enfant;Employé(e);Vous habitez dans une maison dont vous êtes propriétaire ou locataire;;2;0;7 ans;5 ans;;;;;;;;;;;Ni l'un ni l'autre;;;Oui;;;;Intérêt de comprendre la fédération et parler entre parents/psychologues;Moyen;Le prix de la consultation;;;;;Le fait de ne pas savoir à qui s’adresser;;Important pour moi;Important pour moi;Important pour moi;Important pour moi;Très important pour moi;Très important pour moi;Très important pour moi;Neutre;Important pour moi;Très important pour moi;;Oui, tout à fait;Oui, tout à fait;Oui, un peu;Oui, un peu;Oui, un peu;Oui, plutôt;;Elle est conflictuelle;;Elle est maintenant apaisée;;elle est apaisée, conflictuelle, entière selon les moments;Oui, tout à fait;Plutôt d'accord;Tout à fait d'accord;Tout à fait d'accord;Tout à fait d'accord;Tout à fait d'accord;Parfois;Tout à fait d'accord;Plutôt d'accord;Plutôt d'accord;Merci de mettre la santé mentale des parents aussi visible dans un festival;;;;
Le Grand-Bornand;Mère;;Une famille nucléaireUne famille composée d'un couple de parents et leur(s) enfant(s);;Non;Entre 18 et 39 ans;Non;Accompagné(e) d'un ou plusieurs enfant(s);Cadre, profession intellectuelle supérieure;Vous habitez dans une maison dont vous êtes propriétaire ou locataire;;2;0;4 ans;2 ans;;;;;;;;;;;Ni l'un ni l'autre;;;Oui;;;;grand bornand festival;Bon;;;;;;;;Très important pour moi;Très important pour moi;Très important pour moi;Important pour moi;Important pour moi;Important pour moi;Très important pour moi;Très important pour moi;Très important pour moi;Très important pour moi;;Oui, tout à fait;Oui, tout à fait;Oui, tout à fait;Oui, tout à fait;Oui, tout à fait;Oui, tout à fait;;;;;;Plus ou moins toujours épanouissante;Oui, tout à fait;Plutôt d'accord;Plutôt d'accord;Plutôt d'accord;Tout à fait d'accord;Tout à fait d'accord;Parfois;Plutôt d'accord;Tout à fait d'accord;Tout à fait d'accord;;;;;
Le Grand-Bornand;Mère;;Une famille recomposée;;Non;Entre 40 et 49 ans;Non;Sans enfant;Cadre, profession intellectuelle supérieure;Vous habitez dans une maison dont vous êtes propriétaire ou locataire;;1;0;9 ans;;;;;;;;;;;;;;"Contacté le ""Fil des Pâtes au Beurre"", et obtenu une consultation clinique téléphonique";Oui;;;;Pouvoir parler, partager, pour mieux éduquer;Excellent;Le prix de la consultation;;;La difficulté à avoir un rendez-vous avec un de ces professionnels;Le manque d’information sur ce que font ces professionnels;;;Important pour moi;Très important pour moi;Très important pour moi;Très important pour moi;Très important pour moi;Très important pour moi;Très important pour moi;Très important pour moi;Très important pour moi;Très important pour moi;;Oui, tout à fait;Oui, tout à fait;Oui, tout à fait;Oui, tout à fait;Oui, tout à fait;Oui, tout à fait;Elle a toujours été épanouissante;Elle est conflictuelle;;;;;Oui, plutôt;Plutôt d'accord;Tout à fait d'accord;Plutôt d'accord;Plutôt d'accord;Ni d'accord ni pas d'accord;Souvent;Plutôt d'accord;Tout à fait d'accord;Plutôt pas d'accord;;;;;
Le Grand-Bornand;Père;;Une famille séparée;;Non;Entre 40 et 49 ans;Non;Sans enfant;Profession intermédiaire;Vous habitez dans un appartement dont vous êtes propriétaire ou locataire;;1;0;4 ans;;;;;;;;;;;;Ni l'un ni l'autre;;;Oui;;;;;Mauvais;;;;La difficulté à avoir un rendez-vous avec un de ces professionnels;;Le fait de ne pas savoir à qui s’adresser;;Important pour moi;Important pour moi;Important pour moi;Important pour moi;Important pour moi;Important pour moi;Important pour moi;Important pour moi;Important pour moi;Important pour moi;;Oui, tout à fait;Oui, un peu;Oui, un peu;Oui, un peu;Oui, un peu;Oui, tout à fait;;Elle est conflictuelle;;;;;;;;;;;Très souvent;Tout à fait d'accord;Pas du tout d'accord;Pas du tout d'accord;;;;;
Le Grand-Bornand;Mère;;Une famille nucléaireUne famille composée d'un couple de parents et leur(s) enfant(s);;Non;Entre 40 et 49 ans;Non;Accompagné(e) d'un ou plusieurs enfant(s);Employé(e);Vous habitez dans un appartement dont vous êtes propriétaire ou locataire;;3;0;11 ans;9 ans;3 ans;;;;;;;;;;Ni l'un ni l'autre;;;Oui;;;;;Très bon;;;;;;;;Neutre;Important pour moi;Très important pour moi;Très important pour moi;Très important pour moi;Pas très important pour moi;Important pour moi;Important pour moi;Important pour moi;Important pour moi;;Oui, tout à fait;Oui, tout à fait;Oui, tout à fait;Oui, tout à fait;Oui, tout à fait;Oui, plutôt;;;;;;NA;Oui, plutôt;Tout à fait d'accord;Tout à fait d'accord;Plutôt d'accord;Plutôt d'accord;Plutôt d'accord;Parfois;Plutôt pas d'accord;Tout à fait d'accord;Tout à fait d'accord;;;;;
Le Grand-Bornand;Mère;;Une famille nucléaireUne famille composée d'un couple de parents et leur(s) enfant(s);;Non;Entre 40 et 49 ans;Non;Accompagné(e) d'un ou plusieurs enfant(s);Sans activité professionnelle;Vous habitez dans un appartement dont vous êtes propriétaire ou locataire;;3;0;11 ans;9 ans;3 ans;;;;;;;;;;Ni l'un ni l'autre;;;Oui;;;;;;;;;;;;;;;;;;;;;;;;;;;;;;;;;;;;;;;;;;;;;;;;;;
Le Grand-Bornand;Mère;;Une famille séparée;;Non;Entre 18 et 39 ans;Non;Accompagné(e) d'un ou plusieurs enfant(s);Employé(e);Vous habitez dans un appartement dont vous êtes propriétaire ou locataire;;1;0;6 ans;;;;;;;;;;;;Ni l'un ni l'autre;;;Oui;;;;de passage;Bon;Le prix de la consultation;;;;;;;Très important pour moi;Très important pour moi;Très important pour moi;Très important pour moi;Très important pour moi;Très important pour moi;Très important pour moi;Très important pour moi;Très important pour moi;Très important pour moi;;Oui, tout à fait;Oui, tout à fait;Oui, tout à fait;Non;Non;Oui, plutôt;Elle a toujours été épanouissante;;;;;;Non, plutôt pas;Tout à fait d'accord;Tout à fait d'accord;Tout à fait d'accord;Tout à fait d'accord;Tout à fait d'accord;Souvent;Plutôt pas d'accord;Ni d'accord ni pas d'accord;Ni d'accord ni pas d'accord;;;;;
Le Grand-Bornand;Future mère;;Une famille nucléaireUne famille composée d'un couple de parents et leur(s) enfant(s);;Non;Entre 18 et 39 ans;Oui;Sans enfant;Ouvrier·ère;Vous habitez dans un appartement dont vous êtes propriétaire ou locataire;;0;0;;;;;;;;;;;;;Ni l'un ni l'autre;;;Oui;;;;;Moyen;;;;;;Le fait de ne pas savoir à qui s’adresser;La difficulté de me confier, la peur de ce que je peux découvrir sur moi;Important pour moi;Important pour moi;Important pour moi;Important pour moi;Important pour moi;Important pour moi;Important pour moi;Important pour moi;Important pour moi;Important pour moi;;Oui, tout à fait;Non;Oui, un peu;Non;Oui, tout à fait;Oui, plutôt;;;;;;Je ne comprends pas moi;;;;;;;Très souvent;Tout à fait d'accord;Plutôt pas d'accord;Plutôt pas d'accord;;;;;
Le Grand-Bornand;Future mère;;Une famille nucléaireUne famille composée d'un couple de parents et leur(s) enfant(s);;Non;Entre 18 et 39 ans;Oui;Sans enfant;Ouvrier·ère;Vous habitez dans un appartement dont vous êtes propriétaire ou locataire;;0;0;;;;;;;;;;;;;Ni l'un ni l'autre;;;Oui;;;;;Moyen;;;;;;Le fait de ne pas savoir à qui s’adresser;La difficulté de me confier, la peur de ce que je peux découvrir sur moi;Important pour moi;Important pour moi;Important pour moi;Important pour moi;Important pour moi;Important pour moi;Important pour moi;Important pour moi;Important pour moi;Important pour moi;;Oui, tout à fait;Non;Oui, un peu;Non;Oui, tout à fait;Oui, plutôt;;;;;;;;;;;;;;;;;;;;;
Le Grand-Bornand;Autre (veuillez préciser);Grand-mère;Une famille séparée;;Non;Plus de 50 ans;Non;Accompagné(e) d'un ou plusieurs enfant(s);Retraité(e);Vous habitez dans une maison dont vous êtes propriétaire ou locataire;;0;2;4 ans;2 ans;;;;;;;;;;;Ni l'un ni l'autre;;;Oui;;;;Intéressée par des conseils et aussi parce que j'ai reçu avec ma fille et mes petits-enfants, un super accueil !!;Excellent;;;;La difficulté à avoir un rendez-vous avec un de ces professionnels;;;;Important pour moi;Très important pour moi;Très important pour moi;Très important pour moi;Très important pour moi;Très important pour moi;Très important pour moi;Très important pour moi;Très important pour moi;Très important pour moi;;Oui, tout à fait;Oui, tout à fait;Oui, tout à fait;Oui, tout à fait;Oui, tout à fait;Oui, tout à fait;;;;Elle est maintenant apaisée;;;Oui, plutôt;Plutôt d'accord;Plutôt d'accord;Tout à fait d'accord;Tout à fait d'accord;Tout à fait d'accord;Parfois;Plutôt d'accord;Plutôt d'accord;Ni d'accord ni pas d'accord;Vous faire connaitre !;;;;
Le Grand-Bornand;Père;;Une famille séparée;;Non;Entre 18 et 39 ans;Non;Accompagné(e) d'un ou plusieurs enfant(s);Artisan(e), commerçant(e), chef·fe d'entreprise;Vous habitez dans une maison dont vous êtes propriétaire ou locataire;;2;0;Moins d'un an;3 ans;;;;;;;;;;;;;"Contacté le ""Fil des Pâtes au Beurre"", et obtenu une consultation clinique téléphonique";Oui;;;;Séparation;Moyen;Le prix de la consultation;;;;;;;Neutre;Important pour moi;Très important pour moi;Très important pour moi;Très important pour moi;Très important pour moi;Neutre;Très important pour moi;Très important pour moi;Très important pour moi;;Oui, tout à fait;Oui, tout à fait;Oui, un peu;Oui, tout à fait;Oui, un peu;Oui, plutôt;;;;;Je ne comprends pas mon enfant;;Oui, plutôt;Ni d'accord ni pas d'accord;Ni d'accord ni pas d'accord;Ni d'accord ni pas d'accord;Plutôt d'accord;Ni d'accord ni pas d'accord;Souvent;Plutôt d'accord;Plutôt d'accord;Plutôt d'accord;;;;;
Le Grand-Bornand;Père;;Une famille nucléaireUne famille composée d'un couple de parents et leur(s) enfant(s);;Non;Entre 18 et 39 ans;Oui;Sans enfant;Agriculteur·rice exploitant(e);Vous habitez dans une maison dont vous êtes propriétaire ou locataire;;0;0;Moins d'un an;;;;;;;;;;;;Ni l'un ni l'autre;;;Oui;;;;grossesse difficile;Mauvais;;L’image de ces professionnels;;;;;;Neutre;Important pour moi;Important pour moi;Important pour moi;Neutre;Important pour moi;Important pour moi;Important pour moi;Important pour moi;Important pour moi;;Oui, tout à fait;Oui, un peu;Non;Oui, un peu;Non;Oui, tout à fait;;;;;;enceinte- pas de relation autre qu'angoisse;Non, pas du tout;Pas du tout d'accord;Pas du tout d'accord;Pas du tout d'accord;Pas du tout d'accord;Pas du tout d'accord;Très souvent;Tout à fait d'accord;Pas du tout d'accord;Pas du tout d'accord;je suis enceinte et je n'ai pas mon enfant je peux pas dire mes difficultés de relation;;;;
Carquefou;Mère;;Une famille séparée;;Non;Entre 40 et 49 ans;Non;Accompagné(e) d'un ou plusieurs enfant(s);Profession intermédiaire;Vous habitez dans un appartement dont vous êtes propriétaire ou locataire;;2;0;8 ans;12 ans;;;;;;;;;;;Ni l'un ni l'autre;;;Non;6 mois et plus (veuillez précisez le nombre de mois);60;2 fois;Séparation avec le papa de mes enfants;Bon;Le prix de la consultation;;;;;Le fait de ne pas savoir à qui s’adresser;;Pas très important pour moi;Très important pour moi;Très important pour moi;Très important pour moi;Neutre;Très important pour moi;Important pour moi;Important pour moi;Très important pour moi;Important pour moi;;Oui, tout à fait;Oui, un peu;Oui, un peu;Non;Oui, tout à fait;Oui, tout à fait;Elle a toujours été épanouissante;;;;;;Oui, tout à fait;Plutôt d'accord;Ni d'accord ni pas d'accord;Tout à fait d'accord;Tout à fait d'accord;Tout à fait d'accord;Tout à fait d'accord;Oui, plutôt;Rarement;Ni d'accord ni pas d'accord;Oui, plutôt;Tout à fait d'accord;Tout à fait d'accord;Oui;Merci à l'équipe qui nous a accueilli ce soir et qui a gagné la confiance de mes enfants pour qu'ils puissent s'exprimer
Buxerolles (Poitiers);Mère;;Une famille séparée;;Non;Entre 18 et 39 ans;Non;Accompagné(e) d'un ou plusieurs enfant(s);Employé(e);Vous habitez dans un appartement dont vous êtes propriétaire ou locataire;;1;0;4 ans;;;;;;;;;;;;Ni l'un ni l'autre;;;Non;6 mois et plus (veuillez précisez le nombre de mois);Il a 2ans;3 fois;;Excellent;;;;;;;La difficulté de me confier, la peur de ce que je peux découvrir sur moi;Très important pour moi;Très important pour moi;Neutre;Très important pour moi;Très important pour moi;Très important pour moi;Très important pour moi;Très important pour moi;Très important pour moi;Très important pour moi;;Oui, un peu;Oui, un peu;Oui, un peu;Oui, un peu;Oui, tout à fait;Oui, tout à fait;Elle a toujours été épanouissante;;;;;;Oui, tout à fait;Tout à fait d'accord;Plutôt d'accord;Tout à fait d'accord;Tout à fait d'accord;Tout à fait d'accord;Tout à fait d'accord;Oui, tout à fait;;;;;;;
Carquefou;Père;;Une famille nucléaireUne famille composée d'un couple de parents et leur(s) enfant(s);;Non;Entre 18 et 39 ans;Non;Accompagné(e) d'un ou plusieurs enfant(s);Employé(e);Vous habitez dans une maison dont vous êtes propriétaire ou locataire;;2;0;7 ans;3 ans;;;;;;;;;;;Ni l'un ni l'autre;;;Non;6 mois et plus (veuillez précisez le nombre de mois);48;4 fois;Prendre du recul et une nouvelle perspective sur notre parentalité entre notre comportement et celui de nos enfants, trouver du sens ou une autre approche face a des difficultés que nous n'arrivons pas à résoudre en interne;Bon;;;;;;Le fait de ne pas savoir à qui s’adresser;;Neutre;Important pour moi;Très important pour moi;Très important pour moi;Neutre;Neutre;Important pour moi;Important pour moi;Important pour moi;Important pour moi;;Oui, tout à fait;Oui, tout à fait;Oui, tout à fait;Oui, un peu;Oui, un peu;Oui, tout à fait;;;;Elle est maintenant apaisée;;;Oui, tout à fait;Plutôt d'accord;Plutôt d'accord;Tout à fait d'accord;Tout à fait d'accord;Tout à fait d'accord;Tout à fait d'accord;Oui, plutôt;Rarement;Ni d'accord ni pas d'accord;Oui, tout à fait;Plutôt d'accord;Plutôt d'accord;Oui;Merci pour ce que vous faites et proposez aux familles
Nantes;Mère;;Une famille nucléaireUne famille composée d'un couple de parents et leur(s) enfant(s);;Non;Entre 18 et 39 ans;Non;Accompagné(e) d'un ou plusieurs enfant(s);Employé(e);Vous habitez dans un appartement dont vous êtes propriétaire ou locataire;;1;0;2 ans;;;;;;;;;;;;;Contacté l'antenne pour obtenir des informations pratiques;;Oui;;;;;Bon;Le prix de la consultation;;;La difficulté à avoir un rendez-vous avec un de ces professionnels;;Le fait de ne pas savoir à qui s’adresser;;Important pour moi;Important pour moi;Important pour moi;Important pour moi;Important pour moi;Important pour moi;Important pour moi;Important pour moi;Important pour moi;Important pour moi;;Oui, tout à fait;Oui, tout à fait;Oui, un peu;Oui, un peu;Oui, un peu;Oui, plutôt;;Elle est conflictuelle;;;;;Oui, plutôt;Plutôt d'accord;Ni d'accord ni pas d'accord;Plutôt d'accord;Plutôt d'accord;Plutôt d'accord;Parfois;Ni d'accord ni pas d'accord;Plutôt d'accord;Plutôt d'accord;Je remercie l’équipe d’avoir été à l’écoute sans jugement et de bon conseil.;;;;
Carquefou;Père;;Une famille nucléaireUne famille composée d'un couple de parents et leur(s) enfant(s);;Non;Plus de 50 ans;Non;Sans enfant;Employé(e);Vous habitez dans une maison dont vous êtes propriétaire ou locataire;;1;0;15 ans;;;;;;;;;;;;Ni l'un ni l'autre;;;Non;Entre 3 mois et 6 mois;;4 fois;;Moyen;;;;La difficulté à avoir un rendez-vous avec un de ces professionnels;;;;Important pour moi;Très important pour moi;Très important pour moi;Important pour moi;Très important pour moi;Très important pour moi;Très important pour moi;Très important pour moi;Très important pour moi;Très important pour moi;;Oui, tout à fait;Oui, un peu;Oui, un peu;Oui, un peu;Oui, tout à fait;Oui, tout à fait;;Elle est conflictuelle;Elle peut être violente;;;;Non, pas du tout;Plutôt d'accord;Ni d'accord ni pas d'accord;Plutôt d'accord;Plutôt pas d'accord;Plutôt pas d'accord;Pas du tout d'accord;Oui, plutôt;Très souvent;Ni d'accord ni pas d'accord;Oui, tout à fait;Plutôt pas d'accord;Pas du tout d'accord;Oui;L’accueil et l'écoute à Carquefou est remarquable.
Paris - Gare de l'Est;Père;;Une famille nucléaireUne famille composée d'un couple de parents et leur(s) enfant(s);;Non;Entre 40 et 49 ans;Non;Accompagné(e) d'un ou plusieurs enfant(s);Cadre, profession intellectuelle supérieure;Vous habitez dans une maison dont vous êtes propriétaire ou locataire;;3;0;10 ans;4 ans;2 ans;;;;;;;;;;;;"Contacté le ""Fil des Pâtes au Beurre"", et obtenu une consultation clinique téléphonique";Oui;;;;Problème de comportement de mon 1er enfant;Très bon;;;;;Le manque d’information sur ce que font ces professionnels;;;Très important pour moi;Très important pour moi;Très important pour moi;Très important pour moi;Très important pour moi;Pas très important pour moi;Important pour moi;Très important pour moi;Très important pour moi;Très important pour moi;;Oui, tout à fait;Oui, tout à fait;Oui, tout à fait;Oui, tout à fait;Oui, tout à fait;Oui, tout à fait;;Elle est conflictuelle;;;;;Non, pas du tout;Tout à fait d'accord;Plutôt pas d'accord;Pas du tout d'accord;Ni d'accord ni pas d'accord;Pas du tout d'accord;Très souvent;Plutôt pas d'accord;Plutôt d'accord;Plutôt d'accord;Excellente équipe  Venant au rendez-vous, je ne savais pas ce que je pouvais apprendre mais à la fin du rendez-vous je suis sorti content  Je pense avoir trouvé le moyen d’améliorer la relation avec mon enfant : le jeu;;;;
Vannes;Mère;;Une famille nucléaireUne famille composée d'un couple de parents et leur(s) enfant(s);;Non;Entre 18 et 39 ans;Non;Accompagné(e) d'un ou plusieurs enfant(s);Employé(e);Vous habitez dans une maison dont vous êtes propriétaire ou locataire;;1;0;3 ans;;;;;;;;;;;;Ni l'un ni l'autre;;;Oui;;;;;Bon;Le prix de la consultation;;;;;Le fait de ne pas savoir à qui s’adresser;;Important pour moi;Important pour moi;Très important pour moi;Très important pour moi;Important pour moi;Très important pour moi;Très important pour moi;Très important pour moi;Très important pour moi;Très important pour moi;;Oui, un peu;Non;Oui, un peu;Non;Non;Ni oui ni non;Elle a toujours été épanouissante;Elle est conflictuelle;;;;;Oui, plutôt;Plutôt d'accord;Tout à fait d'accord;Plutôt d'accord;Ni d'accord ni pas d'accord;Plutôt d'accord;Très souvent;Tout à fait d'accord;Plutôt d'accord;Ni d'accord ni pas d'accord;;;;;
Auray;Mère;;Une famille recomposée;;Non;Entre 40 et 49 ans;Non;Sans enfant;Profession intermédiaire;Vous habitez dans une maison dont vous êtes propriétaire ou locataire;;1;0;13 ans;;;;;;;;;;;;Ni l'un ni l'autre;;;Oui;;;;Difficultés avec mon adolescente après un geste violent de sa part ;Bon;;;;;;Le fait de ne pas savoir à qui s’adresser;;Important pour moi;Très important pour moi;Neutre;Important pour moi;Important pour moi;Important pour moi;Important pour moi;Important pour moi;Important pour moi;Très important pour moi;;Oui, tout à fait;Oui, un peu;Oui, un peu;Oui, tout à fait;Oui, un peu;Oui, plutôt;;Elle est conflictuelle;;;;;Oui, plutôt;Ni d'accord ni pas d'accord;Ni d'accord ni pas d'accord;Ni d'accord ni pas d'accord;Ni d'accord ni pas d'accord;Ni d'accord ni pas d'accord;Parfois;Plutôt d'accord;Ni d'accord ni pas d'accord;Plutôt pas d'accord;Merci d’être présent à Auray ;;;;
Blois;Mère;;Une famille séparée;;Non;Entre 40 et 49 ans;Non;Sans enfant;Profession intermédiaire;Vous habitez dans une maison dont vous êtes propriétaire ou locataire;;1;0;4 ans;;;;;;;;;;;;Ni l'un ni l'autre;;;Non;Entre 3 mois et 6 mois;;2 fois;J’étais désespérée ;Moyen;Le prix de la consultation;;;;;;;Neutre;Important pour moi;Très important pour moi;Très important pour moi;Important pour moi;Important pour moi;Très important pour moi;Important pour moi;Très important pour moi;Important pour moi;;Oui, tout à fait;Oui, tout à fait;Oui, tout à fait;Oui, tout à fait;Oui, tout à fait;Oui, tout à fait;;;;;;J’ai peur que cela change en le voyant grandir et aller chez son pere. Peur de le perdre. ;Oui, plutôt;Tout à fait d'accord;Plutôt d'accord;Plutôt d'accord;Plutôt d'accord;Plutôt d'accord;Ni d'accord ni pas d'accord;Oui, plutôt;Très souvent;Tout à fait d'accord;Oui, tout à fait;Pas du tout d'accord;Pas du tout d'accord;Oui;C’est exceptionnel et rare ce qui se passe lors d’un accueil. Merci 
Muzillac;Père;;Une famille nucléaireUne famille composée d'un couple de parents et leur(s) enfant(s);;Non;Entre 40 et 49 ans;Non;Accompagné(e) d'un ou plusieurs enfant(s);Employé(e);Vous habitez dans une maison dont vous êtes propriétaire ou locataire;;1;0;8 ans;;;;;;;;;;;;Ni l'un ni l'autre;;;Non;6 mois et plus (veuillez précisez le nombre de mois);36;5 fois ou plus;Gestion de l'échec difficile ;Bon;;;;;Le manque d’information sur ce que font ces professionnels;Le fait de ne pas savoir à qui s’adresser;La difficulté de me confier, la peur de ce que je peux découvrir sur moi;Pas très important pour moi;Très important pour moi;Important pour moi;Important pour moi;Important pour moi;Très important pour moi;Très important pour moi;Très important pour moi;Très important pour moi;Important pour moi;;Oui, tout à fait;Oui, un peu;Oui, un peu;Oui, un peu;Oui, un peu;Oui, plutôt;;Elle est conflictuelle;;Elle est maintenant apaisée;Je ne comprends pas mon enfant;;Oui, plutôt;Ni d'accord ni pas d'accord;Plutôt d'accord;Plutôt d'accord;Plutôt d'accord;Tout à fait d'accord;Plutôt pas d'accord;Non, plutôt pas;Parfois;Ni d'accord ni pas d'accord;Oui, plutôt;Plutôt pas d'accord;Plutôt pas d'accord;Oui;Merci pour votre accueil.
Muzillac;Autre (veuillez préciser);Grand parents;Autre (veuillez préciser);Grand parents accueillant leur petit fils;Oui;Plus de 50 ans;Non;Sans enfant;Cadre, profession intellectuelle supérieure;Vous habitez dans une maison dont vous êtes propriétaire ou locataire;;;;;;;;;;;;;;;;;;;;;;;;;;;;;;;;;;;;;;;;;;;;;;;;;;;;;;;;;;;;;;;;;;;;;
Carquefou;Père;;Une famille nucléaireUne famille composée d'un couple de parents et leur(s) enfant(s);;Non;Plus de 50 ans;Non;Sans enfant;Employé(e);Vous habitez dans une maison dont vous êtes propriétaire ou locataire;;1;0;15 ans;;;;;;;;;;;;Ni l'un ni l'autre;;;Non;Entre 3 mois et 6 mois;;4 fois;;Moyen;;;;La difficulté à avoir un rendez-vous avec un de ces professionnels;;;;Neutre;Très important pour moi;Très important pour moi;Important pour moi;Très important pour moi;Très important pour moi;Neutre;Important pour moi;Très important pour moi;Très important pour moi;;Oui, tout à fait;Oui, un peu;Oui, tout à fait;Oui, un peu;Oui, tout à fait;Oui, tout à fait;;;;;;;;;;;;;;;;;;;;;
Clermont-Ferrand;Père;;Une famille nucléaireUne famille composée d'un couple de parents et leur(s) enfant(s);;Non;Entre 40 et 49 ans;Non;Accompagné(e) d'un ou plusieurs enfant(s);Employé(e);Vous habitez dans un appartement dont vous êtes propriétaire ou locataire;;1;0;2 ans;;;;;;;;;;;;Ni l'un ni l'autre;;;Oui;;;;Conseils relation ;Bon;Le prix de la consultation;L’image de ces professionnels;;;;;;Neutre;Très important pour moi;Très important pour moi;Très important pour moi;Très important pour moi;Très important pour moi;Important pour moi;Très important pour moi;Très important pour moi;Très important pour moi;;Oui, tout à fait;Oui, un peu;Oui, tout à fait;Oui, un peu;Non;Oui, plutôt;Elle a toujours été épanouissante;;;;;;Oui, tout à fait;Plutôt d'accord;Tout à fait d'accord;Tout à fait d'accord;Plutôt d'accord;Plutôt d'accord;Parfois;Ni d'accord ni pas d'accord;Plutôt d'accord;Ni d'accord ni pas d'accord;;;;;
Carquefou;Mère;;Une famille nucléaireUne famille composée d'un couple de parents et leur(s) enfant(s);;Non;Entre 40 et 49 ans;Non;Sans enfant;Profession intermédiaire;Vous habitez dans une maison dont vous êtes propriétaire ou locataire;;2;1;19 ans;16 ans;12 ans;;;;;;;;;;;;"Contacté le ""Fil des Pâtes au Beurre"", et obtenu une consultation clinique téléphonique";Oui;;;;Problème relationnel avec notre fils;Moyen;;;;;Le manque d’information sur ce que font ces professionnels;Le fait de ne pas savoir à qui s’adresser;;Neutre;Très important pour moi;Très important pour moi;Important pour moi;Important pour moi;Important pour moi;Important pour moi;Important pour moi;Très important pour moi;Très important pour moi;;Oui, tout à fait;Oui, tout à fait;Oui, tout à fait;Oui, tout à fait;Oui, tout à fait;Oui, tout à fait;;;Elle peut être violente;;;;Non, plutôt pas;Pas du tout d'accord;Tout à fait d'accord;Plutôt pas d'accord;Plutôt pas d'accord;Pas du tout d'accord;Souvent;Plutôt d'accord;Plutôt d'accord;Plutôt pas d'accord;Merci beaucoup pour l'accueil.;;;;
Muzillac;Mère;;Une famille nucléaireUne famille composée d'un couple de parents et leur(s) enfant(s);;Non;Entre 40 et 49 ans;Non;Sans enfant;Employé(e);Vous habitez dans une maison dont vous êtes propriétaire ou locataire;;3;0;13 ans;10 ans;10 ans;;;;;;;;;;;Contacté l'antenne pour obtenir des informations pratiques;;Oui;;;;;Bon;Le prix de la consultation;;;;;;;Neutre;Très important pour moi;Important pour moi;Très important pour moi;Très important pour moi;Très important pour moi;Très important pour moi;Important pour moi;Important pour moi;Pas très important pour moi;;Oui, tout à fait;Oui, un peu;Non;Oui, tout à fait;Oui, tout à fait;Oui, plutôt;Elle a toujours été épanouissante;;;;;;Oui, plutôt;Plutôt d'accord;Plutôt d'accord;Ni d'accord ni pas d'accord;Ni d'accord ni pas d'accord;Tout à fait d'accord;Rarement;Pas du tout d'accord;Plutôt pas d'accord;Ni d'accord ni pas d'accord;;;;;
Auray;Père;;Une famille nucléaireUne famille composée d'un couple de parents et leur(s) enfant(s);;Non;Plus de 50 ans;Non;Sans enfant;Artisan(e), commerçant(e), chef·fe d'entreprise;Vous habitez dans une maison dont vous êtes propriétaire ou locataire;;1;1;16 ans;20 ans;;;;;;;;;;;;;"Contacté le ""Fil des Pâtes au Beurre"", et obtenu une consultation clinique téléphonique";Oui;;;;Gros soucis avec notre fille de 20 ans en dépression ;Moyen;;;La peur que l’entourage apprenne que je consulte ce professionnel;;;;La difficulté de me confier, la peur de ce que je peux découvrir sur moi;Neutre;Très important pour moi;Très important pour moi;Très important pour moi;Très important pour moi;Très important pour moi;Très important pour moi;Très important pour moi;Très important pour moi;Très important pour moi;;Oui, tout à fait;Oui, un peu;Non;Oui, un peu;Non;Oui, tout à fait;;Elle est conflictuelle;;;Je ne comprends pas mon enfant;;Non, pas du tout;Plutôt d'accord;Ni d'accord ni pas d'accord;Plutôt d'accord;Plutôt pas d'accord;Plutôt pas d'accord;Très souvent;Ni d'accord ni pas d'accord;Plutôt d'accord;Ni d'accord ni pas d'accord;Les pâtes au beurre est une absolue nécessité pour des parents en détresse. ;;;;
Buxerolles (Poitiers);Père;;Une famille séparée;;Non;Entre 40 et 49 ans;Non;Sans enfant;Ouvrier·ère;Vous habitez dans une maison dont vous êtes propriétaire ou locataire;;2;0;14 ans;12 ans;;;;;;;;;;;Ni l'un ni l'autre;;;Oui;;;;Suite à la séparation avec la maman. Je suis le papa et les relations avec mes enfants sont difficiles, c'est la raison pour laquelle, je suis venu. Je voie mes enfants, mais nous avons du mal à communiquer, quand ils sont avec moi. ;Moyen;Le prix de la consultation;;;;;Le fait de ne pas savoir à qui s’adresser;La difficulté de me confier, la peur de ce que je peux découvrir sur moi;Neutre;Très important pour moi;Important pour moi;Important pour moi;Important pour moi;Important pour moi;Très important pour moi;Important pour moi;Important pour moi;Très important pour moi;;Oui, tout à fait;Oui, tout à fait;Oui, tout à fait;Oui, un peu;Oui, un peu;Ni oui ni non;;Elle est conflictuelle;;;;;Non, plutôt pas;Ni d'accord ni pas d'accord;Plutôt d'accord;Ni d'accord ni pas d'accord;Plutôt pas d'accord;Pas du tout d'accord;Souvent;Tout à fait d'accord;Tout à fait d'accord;Plutôt d'accord;;;;;
Clermont-Ferrand;Mère;;Une famille nucléaireUne famille composée d'un couple de parents et leur(s) enfant(s);;Non;Entre 40 et 49 ans;Non;Sans enfant;Cadre, profession intellectuelle supérieure;Vous habitez dans une maison dont vous êtes propriétaire ou locataire;;2;0;4 ans;2 ans;;;;;;;;;;;Ni l'un ni l'autre;;;Non;6 mois et plus (veuillez précisez le nombre de mois);24;2 fois;Mon fils de 4 ans me tape et me crie dessus le matin pour ne pas se lever ;Bon;;L’image de ces professionnels;;La difficulté à avoir un rendez-vous avec un de ces professionnels;;;;Neutre;Important pour moi;Important pour moi;Important pour moi;Neutre;Neutre;Important pour moi;Très important pour moi;Très important pour moi;Très important pour moi;;Oui, tout à fait;Oui, un peu;Oui, un peu;Oui, un peu;Oui, tout à fait;Oui, plutôt;Elle a toujours été épanouissante;;;;;;Oui, tout à fait;Ni d'accord ni pas d'accord;Plutôt d'accord;Tout à fait d'accord;Plutôt d'accord;Ni d'accord ni pas d'accord;Plutôt d'accord;Non, plutôt pas;Rarement;Plutôt pas d'accord;Oui, plutôt;Plutôt d'accord;Plutôt d'accord;Oui;A la question du pourquoi ne pas rencontrer une professionnelle en consultation, il manque des réponses possibles : je suis pas organisée et le fait de prendre rendez-vous me coute beaucoup. Il faut telephoner a l’avance, decider a l’avance d’un créneau sans savoir si ce jour là il n’y aura pas autre chose prioritaire… même avant la naissance de mes enfants c’était difficile, maintenant le temps et la disponibilité me manquent en plus. Le fait qu’on peut arriver aux pates aux beurres à n’importe quelle heure de la matinée, sans rdv, c’est inestimable. Par ailleurs, le fait d’avoir 2 professionnelles et d’autres mamans ( malheureusement les papas ne viennent pas apparemment) c’est plus confortable pour moi que avec une professionnelle dont je mettrais les compétences en doute alors que je crois a l’intelligence collective. Et puis c’est du coup un groupe de soutien spontané et c’est réconfortant 
Muzillac;Mère;;Une famille nucléaireUne famille composée d'un couple de parents et leur(s) enfant(s);;Oui;Entre 40 et 49 ans;Non;Accompagné(e) d'un ou plusieurs enfant(s);Profession intermédiaire;Vous habitez dans une maison dont vous êtes propriétaire ou locataire;;2;0;12 ans;5 ans;;;;;;;;;;;Ni l'un ni l'autre;;;Non;Entre 1 mois et 3 mois;;5 fois ou plus;Trouver un espace d’écoute qui permet d’engager le dialogue avec mon fils;Bon;;;;La difficulté à avoir un rendez-vous avec un de ces professionnels;;;;Très important pour moi;Très important pour moi;Très important pour moi;Très important pour moi;Très important pour moi;Très important pour moi;Très important pour moi;Très important pour moi;Très important pour moi;Très important pour moi;;Oui, tout à fait;Oui, tout à fait;Oui, tout à fait;Oui, tout à fait;Oui, tout à fait;Oui, tout à fait;;;;;;J’apprends à le connaître en abordant des sujets personnels avec lui qui m’étaient inaccessibles avant;Oui, plutôt;Tout à fait d'accord;Plutôt d'accord;Tout à fait d'accord;Ni d'accord ni pas d'accord;Tout à fait d'accord;Tout à fait d'accord;Oui, tout à fait;Souvent;Plutôt d'accord;Oui, tout à fait;Ni d'accord ni pas d'accord;Plutôt pas d'accord;Oui;Merci d’avoir pris le temps de nous accueillir et de nous offrir un espace d’expression et de partage chaque semaine
Vannes;Mère;;Une famille séparée;;Non;Entre 18 et 39 ans;Non;Accompagné(e) d'un ou plusieurs enfant(s);Employé(e);Vous habitez dans un appartement dont vous êtes propriétaire ou locataire;;1;0;4 ans;;;;;;;;;;;;Ni l'un ni l'autre;;;Oui;;;;;;;;;;;;;;;;;;;;;;;;;;;;;;;;;;;;;;;;;;;;;;;;;;
Clermont-Ferrand;Mère;;Une famille nucléaireUne famille composée d'un couple de parents et leur(s) enfant(s);;Non;Entre 18 et 39 ans;Non;Accompagné(e) d'un ou plusieurs enfant(s);Employé(e);Vous habitez dans un appartement dont vous êtes propriétaire ou locataire;;1;0;1 an;;;;;;;;;;;;Ni l'un ni l'autre;;;Oui;;;;Par hasard lors de ma venue à 1000 formes;Bon;Le prix de la consultation;;;;Le manque d’information sur ce que font ces professionnels;;La difficulté de me confier, la peur de ce que je peux découvrir sur moi;Important pour moi;Très important pour moi;Très important pour moi;Très important pour moi;Très important pour moi;Très important pour moi;Très important pour moi;Important pour moi;Très important pour moi;Très important pour moi;;Oui, tout à fait;Oui, tout à fait;Oui, tout à fait;Oui, un peu;Oui, un peu;Ni oui ni non;Elle a toujours été épanouissante;;;;;;Oui, plutôt;Plutôt pas d'accord;Ni d'accord ni pas d'accord;Plutôt d'accord;Ni d'accord ni pas d'accord;Ni d'accord ni pas d'accord;Parfois;Plutôt d'accord;Plutôt d'accord;Ni d'accord ni pas d'accord;;;;;
Clermont-Ferrand;Mère;;Une famille nucléaireUne famille composée d'un couple de parents et leur(s) enfant(s);;Non;Entre 18 et 39 ans;Non;Accompagné(e) d'un ou plusieurs enfant(s);Employé(e);Vous habitez dans un appartement dont vous êtes propriétaire ou locataire;;1;0;1 an;;;;;;;;;;;;Ni l'un ni l'autre;;;Oui;;;;C'était par hasard ils étaient présents à la structure Mille formes ;Bon;Le prix de la consultation;;;;;;;Très important pour moi;Très important pour moi;Très important pour moi;Très important pour moi;Très important pour moi;Très important pour moi;Très important pour moi;Très important pour moi;Très important pour moi;Très important pour moi;;Oui, tout à fait;Oui, tout à fait;Oui, tout à fait;Oui, tout à fait;Oui, tout à fait;Oui, tout à fait;Elle a toujours été épanouissante;;;;;;Oui, plutôt;Plutôt d'accord;Plutôt d'accord;Plutôt d'accord;Plutôt d'accord;Plutôt d'accord;Parfois;Ni d'accord ni pas d'accord;Plutôt d'accord;Plutôt d'accord;;;;;
Muzillac;Mère;;Une famille nucléaireUne famille composée d'un couple de parents et leur(s) enfant(s);;Non;Entre 40 et 49 ans;Non;Accompagné(e) d'un ou plusieurs enfant(s);Profession intermédiaire;Vous habitez dans une maison dont vous êtes propriétaire ou locataire;;2;0;12 ans;5 ans;;;;;;;;;;;Ni l'un ni l'autre;;;Non;Entre 1 mois et 3 mois;;3 fois;;Bon;;;;La difficulté à avoir un rendez-vous avec un de ces professionnels;;;;Important pour moi;Important pour moi;Important pour moi;Important pour moi;Très important pour moi;Important pour moi;Très important pour moi;Très important pour moi;Très important pour moi;Important pour moi;;Oui, tout à fait;Oui, tout à fait;Oui, tout à fait;Oui, tout à fait;Oui, tout à fait;Oui, tout à fait;;Elle est conflictuelle;;;Je ne comprends pas mon enfant;J’ai peur  de mal faire en conseillant et en orientant ;Oui, plutôt;Plutôt d'accord;Plutôt pas d'accord;Ni d'accord ni pas d'accord;Plutôt pas d'accord;Plutôt d'accord;Ni d'accord ni pas d'accord;Oui, plutôt;Souvent;Plutôt d'accord;Oui, plutôt;Plutôt pas d'accord;Plutôt pas d'accord;Oui;Merci !
Vannes;Mère;;Une famille nucléaireUne famille composée d'un couple de parents et leur(s) enfant(s);;Non;Entre 18 et 39 ans;Non;Accompagné(e) d'un ou plusieurs enfant(s);Cadre, profession intellectuelle supérieure;Vous habitez dans un appartement dont vous êtes propriétaire ou locataire;;1;0;2 ans;;;;;;;;;;;;;Contacté l'antenne pour obtenir des informations pratiques;;Oui;;;;Sommeil de mon enfant, frustration ;Moyen;Le prix de la consultation;;;La difficulté à avoir un rendez-vous avec un de ces professionnels;;Le fait de ne pas savoir à qui s’adresser;;Important pour moi;Très important pour moi;Important pour moi;Important pour moi;Très important pour moi;Important pour moi;Important pour moi;Important pour moi;Important pour moi;Important pour moi;;Oui, tout à fait;Oui, tout à fait;Oui, un peu;Oui, un peu;Oui, tout à fait;Oui, plutôt;;;;Elle est maintenant apaisée;;;Oui, plutôt;Plutôt d'accord;Plutôt d'accord;Plutôt d'accord;Ni d'accord ni pas d'accord;Ni d'accord ni pas d'accord;Parfois;Ni d'accord ni pas d'accord;Tout à fait d'accord;Plutôt d'accord;;;;;
Vannes;Mère;;Une famille nucléaireUne famille composée d'un couple de parents et leur(s) enfant(s);;Non;Entre 18 et 39 ans;Non;Sans enfant;Sans activité professionnelle;Vous habitez dans une maison dont vous êtes propriétaire ou locataire;;2;0;5 ans;4 ans;;;;;;;;;;;Ni l'un ni l'autre;;;Oui;;;;La parentalité difficile ;Mauvais;Le prix de la consultation;;;;;;;Très important pour moi;Très important pour moi;Très important pour moi;Très important pour moi;Très important pour moi;Très important pour moi;Important pour moi;Important pour moi;Important pour moi;Important pour moi;;Oui, tout à fait;Oui, un peu;Non;Non;Non;Oui, plutôt;Elle a toujours été épanouissante;Elle est conflictuelle;;Elle est maintenant apaisée;Je ne comprends pas mon enfant;;Oui, plutôt;Plutôt pas d'accord;Tout à fait d'accord;Plutôt d'accord;Ni d'accord ni pas d'accord;Plutôt d'accord;Très souvent;Tout à fait d'accord;Plutôt pas d'accord;Plutôt pas d'accord;;;;;
Blois;Père;;Une famille séparée;;Non;Entre 40 et 49 ans;Non;Sans enfant;Cadre, profession intellectuelle supérieure;Vous habitez dans un appartement dont vous êtes propriétaire ou locataire;;1;0;15 ans;;;;;;;;;;;;Ni l'un ni l'autre;;;Oui;;;;Besoin de soutien et de conseils car isolé;Mauvais;Le prix de la consultation;;;La difficulté à avoir un rendez-vous avec un de ces professionnels;;;;Très important pour moi;Très important pour moi;Très important pour moi;Très important pour moi;Très important pour moi;Très important pour moi;Très important pour moi;Très important pour moi;Très important pour moi;Très important pour moi;;Oui, tout à fait;Oui, tout à fait;Oui, tout à fait;Oui, tout à fait;Oui, tout à fait;Oui, tout à fait;;;;;;Distendue, générant de l'anxiété;Non, pas du tout;Plutôt pas d'accord;Plutôt d'accord;Plutôt d'accord;Plutôt d'accord;Plutôt d'accord;Très souvent;Plutôt pas d'accord;Pas du tout d'accord;Plutôt pas d'accord;Merci à vous. Je suis reconaissant de ce que vous faites. Avoir pu me confier auprès d'elles et d'avoir eu le sentiment d'être écouté et pris en considération m'a permis de trouver du réconfort et de mettre en perspective mon histoire. J'ai même pu trouver des ébauches de réponses à mes difficultés. Je me suis senti mieux après, malgré mon état de détresse actuel.  Bref, merci ^^;;;;
Blois;Mère;;Une famille séparée;;Non;Entre 18 et 39 ans;Non;Accompagné(e) d'un ou plusieurs enfant(s);Cadre, profession intellectuelle supérieure;Vous habitez dans un appartement dont vous êtes propriétaire ou locataire;;2;0;3 ans;5 ans;;;;;;;;;;;Ni l'un ni l'autre;;;Non;Entre 3 mois et 6 mois;;2 fois;Accompagner, difficultés dans la parentalité ;Moyen;Le prix de la consultation;;;La difficulté à avoir un rendez-vous avec un de ces professionnels;;;;Neutre;Important pour moi;Très important pour moi;Important pour moi;Important pour moi;Important pour moi;Neutre;Important pour moi;Très important pour moi;Important pour moi;;Oui, tout à fait;Oui, tout à fait;Oui, tout à fait;Oui, un peu;Oui, un peu;Oui, plutôt;;;;Elle est maintenant apaisée;;;Oui, plutôt;Ni d'accord ni pas d'accord;Plutôt d'accord;Plutôt d'accord;Plutôt d'accord;Plutôt d'accord;Plutôt d'accord;Oui, plutôt;Souvent;Tout à fait d'accord;Oui, plutôt;Plutôt pas d'accord;Ni d'accord ni pas d'accord;Non;
Blois;Mère;;Une famille monoparentale;;Non;Entre 40 et 49 ans;Non;Sans enfant;Employé(e);Vous habitez dans une maison dont vous êtes propriétaire ou locataire;;1;0;5 ans;;;;;;;;;;;;Ni l'un ni l'autre;;;Oui;;;;Besoin d échanger sur l éducation ;Moyen;Le prix de la consultation;;;;;;;Neutre;Important pour moi;Important pour moi;Important pour moi;Très important pour moi;Très important pour moi;Important pour moi;Important pour moi;Important pour moi;Important pour moi;;Oui, tout à fait;Oui, un peu;Oui, un peu;Oui, tout à fait;Oui, tout à fait;Oui, tout à fait;;Elle est conflictuelle;Elle peut être violente;;;;Non, plutôt pas;Plutôt d'accord;Plutôt d'accord;Ni d'accord ni pas d'accord;Plutôt d'accord;Plutôt d'accord;Souvent;Plutôt d'accord;Tout à fait d'accord;Plutôt d'accord;Merci pour votre écoute et vos mots rassurants ;;;;
Blois;Mère;;Une famille nucléaireUne famille composée d'un couple de parents et leur(s) enfant(s);;Non;Entre 40 et 49 ans;Oui;Sans enfant;Cadre, profession intellectuelle supérieure;Vous habitez dans une maison dont vous êtes propriétaire ou locataire;;3;0;5 ans;15 ans;15 ans;;;;;;;;;;Ni l'un ni l'autre;;;Oui;;;;Conflit avec mon fils;Bon;Le prix de la consultation;;;;;;;Pas très important pour moi;Très important pour moi;Important pour moi;Important pour moi;Important pour moi;Très important pour moi;Important pour moi;Important pour moi;Très important pour moi;Très important pour moi;;Oui, tout à fait;Oui, tout à fait;Oui, tout à fait;Oui, tout à fait;Oui, un peu;Oui, plutôt;;Elle est conflictuelle;;;;;Non, plutôt pas;Ni d'accord ni pas d'accord;Ni d'accord ni pas d'accord;Plutôt pas d'accord;Plutôt d'accord;Plutôt d'accord;Souvent;Plutôt d'accord;Plutôt d'accord;Plutôt d'accord;;;;;
Nantes;Mère;;Une famille recomposée;;Non;Entre 18 et 39 ans;Non;Sans enfant;Employé(e);Vous habitez dans une maison dont vous êtes propriétaire ou locataire;;5;0;13 ans;11 ans;8 ans;6 ans;1 an;;;;;;;;;Contacté l'antenne pour obtenir des informations pratiques;;Oui;;;;Difficultés à vivre avec les ex;Bon;;;;;;Le fait de ne pas savoir à qui s’adresser;;Très important pour moi;Important pour moi;Très important pour moi;Très important pour moi;Important pour moi;Important pour moi;Très important pour moi;Important pour moi;Important pour moi;Très important pour moi;;Oui, tout à fait;Oui, un peu;Oui, un peu;Oui, un peu;Oui, un peu;Oui, tout à fait;;;;;Je ne comprends pas mon enfant;;Oui, plutôt;Tout à fait d'accord;Tout à fait d'accord;Tout à fait d'accord;Ni d'accord ni pas d'accord;Tout à fait d'accord;Parfois;Plutôt d'accord;Plutôt pas d'accord;Pas du tout d'accord;;;;;
Blois;Mère;;Une famille nucléaireUne famille composée d'un couple de parents et leur(s) enfant(s);;Non;Entre 18 et 39 ans;Non;Accompagné(e) d'un ou plusieurs enfant(s);Cadre, profession intellectuelle supérieure;Vous habitez dans une maison dont vous êtes propriétaire ou locataire;;1;0;3 ans;;;;;;;;;;;;Ni l'un ni l'autre;;;Non;6 mois et plus (veuillez précisez le nombre de mois);24 mois;2 fois;Épuisement familial ;Moyen;;;;;;;La difficulté de me confier, la peur de ce que je peux découvrir sur moi;Neutre;Très important pour moi;Très important pour moi;Très important pour moi;Très important pour moi;Très important pour moi;Très important pour moi;Très important pour moi;Très important pour moi;Très important pour moi;Association au top... Ça résoud pas tout, mais ça fait beaucoup de bien !;Oui, tout à fait;Oui, un peu;Oui, un peu;Oui, tout à fait;Oui, tout à fait;Oui, tout à fait;;Elle est conflictuelle;Elle peut être violente;;;;Oui, tout à fait;Plutôt d'accord;Ni d'accord ni pas d'accord;Ni d'accord ni pas d'accord;Plutôt pas d'accord;Plutôt pas d'accord;Ni d'accord ni pas d'accord;Non, plutôt pas;Parfois;Plutôt d'accord;Oui, plutôt;Ni d'accord ni pas d'accord;Ni d'accord ni pas d'accord;Oui;Bravo continuez ce que vous faites !!
Auray;Mère;;Une famille recomposée;;Non;Entre 18 et 39 ans;Non;Accompagné(e) d'un ou plusieurs enfant(s);Employé(e);Vous habitez dans une maison dont vous êtes propriétaire ou locataire;;2;0;12 ans;11 ans;;;;;;;;;;;Ni l'un ni l'autre;;;Oui;;;;Abandon de mon fils par son père biologique;Très bon;Le prix de la consultation;;;;;Le fait de ne pas savoir à qui s’adresser;La difficulté de me confier, la peur de ce que je peux découvrir sur moi;Très important pour moi;Très important pour moi;Neutre;Très important pour moi;Neutre;Important pour moi;Très important pour moi;Très important pour moi;Très important pour moi;Très important pour moi;;Oui, tout à fait;Oui, tout à fait;Oui, tout à fait;Oui, un peu;Oui, un peu;Oui, tout à fait;Elle a toujours été épanouissante;;;;;;Oui, tout à fait;Tout à fait d'accord;Plutôt d'accord;Tout à fait d'accord;Tout à fait d'accord;Tout à fait d'accord;Rarement;Plutôt d'accord;Plutôt d'accord;Plutôt d'accord;;;;;
Carquefou;Père;;Une famille nucléaireUne famille composée d'un couple de parents et leur(s) enfant(s);;Non;Entre 40 et 49 ans;Non;Sans enfant;Employé(e);Vous habitez dans une maison dont vous êtes propriétaire ou locataire;;1;0;14 ans;;;;;;;;;;;;;Contacté l'antenne pour obtenir des informations pratiques;;Non;Moins d'un mois;;4 fois;Besoin de parler de l'avancée de la situation de notre famille ;Moyen;Le prix de la consultation;;;;;Le fait de ne pas savoir à qui s’adresser;;Très important pour moi;Important pour moi;Très important pour moi;Important pour moi;Très important pour moi;Important pour moi;Très important pour moi;Très important pour moi;Très important pour moi;Très important pour moi;;Oui, un peu;Oui, un peu;Oui, tout à fait;Oui, un peu;Oui, un peu;Oui, tout à fait;;Elle est conflictuelle;Elle peut être violente;;Je ne comprends pas mon enfant;;Non, plutôt pas;Ni d'accord ni pas d'accord;Plutôt pas d'accord;Plutôt d'accord;Plutôt pas d'accord;Ni d'accord ni pas d'accord;Pas du tout d'accord;Oui, plutôt;Très souvent;Plutôt pas d'accord;Oui, plutôt;Plutôt d'accord;Plutôt d'accord;Oui;Merci pour votre écoute. Et la petite phrase qui me permet de prendre conscience que je suis sur la bonne voie pour retrouver de la sérénité au sein du foyer. 
Carquefou;Mère;;Une famille nucléaireUne famille composée d'un couple de parents et leur(s) enfant(s);;Non;Plus de 50 ans;Non;Sans enfant;Sans activité professionnelle;Vous habitez dans une maison dont vous êtes propriétaire ou locataire;;1;0;14 ans;;;;;;;;;;;;;Contacté l'antenne pour obtenir des informations pratiques;;Non;Entre 1 mois et 3 mois;;4 fois;Situation difficile avec notre fils de 14ans qui a un comportement tyrannique ;Mauvais;;;;;;Le fait de ne pas savoir à qui s’adresser;;Très important pour moi;Très important pour moi;Très important pour moi;Très important pour moi;Très important pour moi;Neutre;Très important pour moi;Très important pour moi;Très important pour moi;Très important pour moi;La compétence et la bienveillance des deux psychologues accueillants : ils sont formidables ;Oui, tout à fait;Oui, tout à fait;Oui, tout à fait;Oui, tout à fait;Oui, tout à fait;Oui, tout à fait;;Elle est conflictuelle;Elle peut être violente;;;;Oui, plutôt;Plutôt d'accord;Plutôt d'accord;Tout à fait d'accord;Plutôt d'accord;Ni d'accord ni pas d'accord;Plutôt pas d'accord;Oui, tout à fait;Souvent;Tout à fait d'accord;Oui, plutôt;Plutôt d'accord;Ni d'accord ni pas d'accord;Oui;Merci beaucoup pour votre écoute et vos conseils 
Vannes;Mère;;Une famille nucléaireUne famille composée d'un couple de parents et leur(s) enfant(s);;Non;Entre 40 et 49 ans;Non;Sans enfant;Employé(e);Vous habitez dans une maison dont vous êtes propriétaire ou locataire;;2;0;16 ans;13 ans;;;;;;;;;;;Ni l'un ni l'autre;;;Oui;;;;Inquiétudes sur l’état psychologique de mon aînée.;Moyen;;;;La difficulté à avoir un rendez-vous avec un de ces professionnels;Le manque d’information sur ce que font ces professionnels;Le fait de ne pas savoir à qui s’adresser;;Important pour moi;Très important pour moi;Important pour moi;Important pour moi;Neutre;Pas très important pour moi;Important pour moi;Neutre;Très important pour moi;Très important pour moi;;Oui, tout à fait;Oui, un peu;Oui, tout à fait;Oui, un peu;Non;Oui, plutôt;;;;;Je ne comprends pas mon enfant;;Oui, plutôt;Plutôt pas d'accord;Plutôt pas d'accord;Plutôt pas d'accord;Plutôt d'accord;Pas du tout d'accord;Souvent;Ni d'accord ni pas d'accord;Pas du tout d'accord;Plutôt pas d'accord;Merci pour cet accueil sans délai et avec douceur, je reviendrai très certainement.;;;;
Muzillac;Mère;;Une famille nucléaireUne famille composée d'un couple de parents et leur(s) enfant(s);;Non;Entre 18 et 39 ans;Non;Accompagné(e) d'un ou plusieurs enfant(s);Employé(e);Vous habitez dans une maison dont vous êtes propriétaire ou locataire;;2;0;10 ans;4 ans;;;;;;;;;;;;Contacté l'antenne pour obtenir des informations pratiques;;Oui;;;;Besoins d'aide pour mon fils ;Moyen;Le prix de la consultation;L’image de ces professionnels;La peur que l’entourage apprenne que je consulte ce professionnel;;;Le fait de ne pas savoir à qui s’adresser;La difficulté de me confier, la peur de ce que je peux découvrir sur moi;Pas du tout important pour moi;Important pour moi;Important pour moi;Important pour moi;Important pour moi;Très important pour moi;Important pour moi;Important pour moi;Très important pour moi;Très important pour moi;;Oui, tout à fait;Oui, tout à fait;Oui, un peu;Oui, un peu;Oui, un peu;Oui, tout à fait;;Elle est conflictuelle;;;;;Non, plutôt pas;Ni d'accord ni pas d'accord;Ni d'accord ni pas d'accord;Ni d'accord ni pas d'accord;Ni d'accord ni pas d'accord;Plutôt d'accord;Souvent;Plutôt d'accord;Tout à fait d'accord;Ni d'accord ni pas d'accord;Merci pour votre écoute,  cela fait beaucoup de bien de pouvoir parlé et orienté ver des solutions,  mon fils était super content mille merci ;;;;
Paris - Gare de l'Est;Mère;;Une famille séparée;;Non;Entre 18 et 39 ans;Non;Sans enfant;Cadre, profession intellectuelle supérieure;Vous habitez dans un appartement dont vous êtes propriétaire ou locataire;;1;0;3 ans;;;;;;;;;;;;;;"Contacté le ""Fil des Pâtes au Beurre"", et obtenu une consultation clinique téléphonique";Oui;;;;Comment parler à mon enfant de notre séparation avec son père dans le cadre d’une cohabitation pour une durée indéterminée ;Bon;Le prix de la consultation;;;;;Le fait de ne pas savoir à qui s’adresser;;Très important pour moi;Très important pour moi;Important pour moi;Très important pour moi;Neutre;Important pour moi;Très important pour moi;Important pour moi;Très important pour moi;Très important pour moi;;Oui, tout à fait;Oui, tout à fait;Oui, tout à fait;Oui, tout à fait;Oui, un peu;Oui, tout à fait;Elle a toujours été épanouissante;;;;;;Oui, plutôt;Plutôt d'accord;Plutôt d'accord;Plutôt d'accord;Ni d'accord ni pas d'accord;Tout à fait d'accord;Parfois;Plutôt d'accord;Tout à fait d'accord;Tout à fait d'accord;Merci !!!;;;;
Muzillac;Mère;;Une famille nucléaireUne famille composée d'un couple de parents et leur(s) enfant(s);;Non;Entre 18 et 39 ans;Non;Accompagné(e) d'un ou plusieurs enfant(s);Employé(e);Vous habitez dans une maison dont vous êtes propriétaire ou locataire;;1;0;2 ans;;;;;;;;;;;;Ni l'un ni l'autre;;;Non;Moins d'un mois;;5 fois ou plus;besoin de parler et rencontrer d'autre personne;Moyen;Le prix de la consultation;;;La difficulté à avoir un rendez-vous avec un de ces professionnels;;;La difficulté de me confier, la peur de ce que je peux découvrir sur moi;Important pour moi;Très important pour moi;Important pour moi;Très important pour moi;Important pour moi;Très important pour moi;Important pour moi;Neutre;Neutre;Neutre;;Oui, tout à fait;Oui, tout à fait;Oui, un peu;Oui, un peu;Oui, un peu;Oui, plutôt;;;;Elle est maintenant apaisée;;;Oui, plutôt;Plutôt d'accord;Plutôt d'accord;Plutôt d'accord;Ni d'accord ni pas d'accord;Plutôt d'accord;Plutôt d'accord;Non, plutôt pas;Souvent;Tout à fait d'accord;Oui, plutôt;Plutôt d'accord;Plutôt pas d'accord;Non;
Muzillac;Père;;Une famille monoparentale;;Non;Entre 40 et 49 ans;Non;Accompagné(e) d'un ou plusieurs enfant(s);Employé(e);Vous habitez dans une maison dont vous êtes propriétaire ou locataire;;2;1;18 ans;16 ans;14 ans;;;;;;;;;;Ni l'un ni l'autre;;;Non;6 mois et plus (veuillez précisez le nombre de mois);1 an;5 fois ou plus;;Bon;Le prix de la consultation;;;La difficulté à avoir un rendez-vous avec un de ces professionnels;;;;Neutre;Neutre;Important pour moi;Très important pour moi;Important pour moi;Très important pour moi;Très important pour moi;Important pour moi;Neutre;Important pour moi;;Oui, tout à fait;Oui, tout à fait;Oui, un peu;Oui, un peu;Non;Oui, tout à fait;Elle a toujours été épanouissante;;;;;;Oui, tout à fait;Ni d'accord ni pas d'accord;Ni d'accord ni pas d'accord;Plutôt pas d'accord;Ni d'accord ni pas d'accord;Ni d'accord ni pas d'accord;Plutôt d'accord;Oui, plutôt;Parfois;Ni d'accord ni pas d'accord;Oui, plutôt;Plutôt d'accord;Plutôt d'accord;Non;
Muzillac;Mère;;Une famille monoparentale;;Non;Entre 40 et 49 ans;Non;Accompagné(e) d'un ou plusieurs enfant(s);Employé(e);Vous habitez dans un appartement dont vous êtes propriétaire ou locataire;;1;0;6 ans;;;;;;;;;;;;Ni l'un ni l'autre;;;Oui;;;;Crise de colère de ma fille;Bon;Le prix de la consultation;;;;;;;Neutre;Neutre;Important pour moi;Neutre;Important pour moi;Important pour moi;Très important pour moi;Important pour moi;Très important pour moi;Très important pour moi;;Oui, tout à fait;Oui, tout à fait;Oui, un peu;Oui, un peu;Oui, un peu;Oui, tout à fait;;;Elle peut être violente;;;;Oui, plutôt;Plutôt d'accord;Tout à fait d'accord;Tout à fait d'accord;Ni d'accord ni pas d'accord;Tout à fait d'accord;Rarement;Ni d'accord ni pas d'accord;Tout à fait d'accord;Plutôt d'accord;Merci pour l'écoute ;;;;
Bruxelles;Mère;;Une famille monoparentale;;Non;Entre 18 et 39 ans;Non;Accompagné(e) d'un ou plusieurs enfant(s);Sans activité professionnelle;Vous habitez dans un appartement dont vous êtes propriétaire ou locataire;;3;0;9 ans;14 ans;15 ans;;;;;;;;;;;Contacté l'antenne pour obtenir des informations pratiques;;Oui;;;;Mon fils de 9 ans a tout le temps peur;Moyen;;;;La difficulté à avoir un rendez-vous avec un de ces professionnels;;Le fait de ne pas savoir à qui s’adresser;;Neutre;Important pour moi;Très important pour moi;Très important pour moi;Important pour moi;Très important pour moi;Important pour moi;Très important pour moi;Très important pour moi;Très important pour moi;;Oui, tout à fait;Oui, tout à fait;Oui, tout à fait;Oui, un peu;Oui, tout à fait;Oui, plutôt;Elle a toujours été épanouissante;;;;;Mon fils ne se sépare pas de moi depuis qu'il est né et encore plus depuis le divorce avec son père en 2024. Il dort avec moi depuis qu'il est petit et a peur quand je le laisse avec ses freres/soeurs. Depuis quelques temps, l'école m'appelle souvent pour venir le chercher car il a peur, mal au ventre ;Oui, plutôt;Plutôt d'accord;Plutôt d'accord;Plutôt d'accord;Plutôt d'accord;Plutôt d'accord;Parfois;Ni d'accord ni pas d'accord;Plutôt pas d'accord;Plutôt pas d'accord;;;;;
Ploërmel;Mère;;Une famille monoparentale;;Non;Plus de 50 ans;Non;Sans enfant;Sans activité professionnelle;Vous habitez dans une maison dont vous êtes propriétaire ou locataire;;2;0;13 ans;12 ans;;;;;;;;;;;;Contacté l'antenne pour obtenir des informations pratiques;;Non;Entre 1 mois et 3 mois;;5 fois ou plus;Difficultés dans mon rôle de maman ;Bon;Le prix de la consultation;;;La difficulté à avoir un rendez-vous avec un de ces professionnels;;;;Important pour moi;Important pour moi;Important pour moi;Très important pour moi;Important pour moi;Important pour moi;Important pour moi;Important pour moi;Très important pour moi;Très important pour moi;;Oui, tout à fait;Oui, un peu;Oui, tout à fait;Oui, tout à fait;Oui, tout à fait;Oui, plutôt;;;;Elle est maintenant apaisée;;;Oui, plutôt;Plutôt d'accord;Plutôt d'accord;Plutôt d'accord;Plutôt d'accord;Plutôt d'accord;Ni d'accord ni pas d'accord;Oui, plutôt;Parfois;Plutôt d'accord;Oui, plutôt;Ni d'accord ni pas d'accord;Plutôt pas d'accord;Oui;Accueil très bienveillant 
Buxerolles (Poitiers);Mère;;Une famille nucléaireUne famille composée d'un couple de parents et leur(s) enfant(s);;Oui;Entre 18 et 39 ans;Non;Sans enfant;Agriculteur·rice exploitant(e);Vous habitez dans une maison dont vous êtes propriétaire ou locataire;;1;0;5 ans;;;;;;;;;;;;;Contacté l'antenne pour obtenir des informations pratiques;;Oui;;;;;Bon;;;;La difficulté à avoir un rendez-vous avec un de ces professionnels;;;;Important pour moi;Important pour moi;Important pour moi;Important pour moi;Important pour moi;Important pour moi;Important pour moi;Important pour moi;Important pour moi;Important pour moi;;Oui, un peu;Oui, un peu;Oui, un peu;Oui, un peu;Oui, un peu;Oui, plutôt;;;;Elle est maintenant apaisée;;;Oui, plutôt;Plutôt d'accord;Plutôt d'accord;Plutôt d'accord;Plutôt d'accord;Plutôt d'accord;;;;;;;;;
Vannes;Mère;;Une famille monoparentale;;Non;Entre 18 et 39 ans;Non;Accompagné(e) d'un ou plusieurs enfant(s);Employé(e);Vous habitez dans un appartement dont vous êtes propriétaire ou locataire;;2;0;11 ans;5 ans;;;;;;;;;;;Ni l'un ni l'autre;;;Non;Moins d'un mois;;5 fois ou plus;;Moyen;Le prix de la consultation;;;;;;La difficulté de me confier, la peur de ce que je peux découvrir sur moi;Neutre;Neutre;Neutre;Important pour moi;Très important pour moi;Très important pour moi;Très important pour moi;Très important pour moi;Important pour moi;Très important pour moi;;Oui, tout à fait;Non;Oui, un peu;Oui, tout à fait;Oui, tout à fait;Oui, plutôt;;;Elle peut être violente;;;;Non, pas du tout;Ni d'accord ni pas d'accord;Plutôt d'accord;Ni d'accord ni pas d'accord;Pas du tout d'accord;Ni d'accord ni pas d'accord;Pas du tout d'accord;Non, plutôt pas;Très souvent;Tout à fait d'accord;Oui, plutôt;Pas du tout d'accord;Plutôt pas d'accord;Oui;Ne changez rien vous êtes une équipe génial 
Blois;Mère;;Une famille nucléaireUne famille composée d'un couple de parents et leur(s) enfant(s);;Non;Entre 40 et 49 ans;Non;Accompagné(e) d'un ou plusieurs enfant(s);Cadre, profession intellectuelle supérieure;Vous habitez dans une maison dont vous êtes propriétaire ou locataire;;4;0;12 ans;10 ans;8 ans;4 ans;;;;;;;;;Ni l'un ni l'autre;;;Oui;;;;Résoudre une situation ponctuelle ;Moyen;;;;La difficulté à avoir un rendez-vous avec un de ces professionnels;;Le fait de ne pas savoir à qui s’adresser;;Neutre;Important pour moi;Important pour moi;Important pour moi;Très important pour moi;Important pour moi;Très important pour moi;Neutre;Très important pour moi;Très important pour moi;C'est fondamental d'offrir aux usagers ce service ! Merci merci !;Oui, tout à fait;Oui, tout à fait;Oui, tout à fait;Oui, un peu;Oui, tout à fait;Oui, tout à fait;;;;Elle est maintenant apaisée;;;Oui, plutôt;Plutôt pas d'accord;Ni d'accord ni pas d'accord;Plutôt d'accord;Plutôt d'accord;Plutôt d'accord;Parfois;Ni d'accord ni pas d'accord;Plutôt d'accord;Plutôt pas d'accord;Bravo ! Il faut poursuivre cette belle mission offerte aux familles !;;;;
Blois;Mère;;Une famille nucléaireUne famille composée d'un couple de parents et leur(s) enfant(s);;Non;Entre 40 et 49 ans;Non;Sans enfant;Cadre, profession intellectuelle supérieure;Vous habitez dans une maison dont vous êtes propriétaire ou locataire;;2;1;16 ans;13 ans;19 ans;;;;;;;;;;Ni l'un ni l'autre;;;Non;Entre 1 mois et 3 mois;;2 fois;Accueil gratuit et anonyme ;Bon;Le prix de la consultation;;;La difficulté à avoir un rendez-vous avec un de ces professionnels;;;;Neutre;Très important pour moi;Important pour moi;Très important pour moi;Neutre;Très important pour moi;Important pour moi;Important pour moi;Important pour moi;Très important pour moi;;Oui, un peu;Oui, un peu;Oui, tout à fait;Oui, tout à fait;Oui, un peu;Oui, tout à fait;;;;;;Bonne relation mais il y a des questions;Oui, plutôt;Plutôt d'accord;Plutôt pas d'accord;Plutôt d'accord;Plutôt d'accord;Plutôt d'accord;Ni d'accord ni pas d'accord;Non, plutôt pas;Rarement;Pas du tout d'accord;Oui, tout à fait;Plutôt d'accord;Plutôt d'accord;Non;
Blois;Père;;Une famille nucléaireUne famille composée d'un couple de parents et leur(s) enfant(s);;Non;Entre 40 et 49 ans;Non;Sans enfant;Artisan(e), commerçant(e), chef·fe d'entreprise;Vous habitez dans une maison dont vous êtes propriétaire ou locataire;;2;1;19 ans;16 ans;13 ans;;;;;;;;;;Ni l'un ni l'autre;;;Oui;;;;Aborder les questions liées à la fratrie, la place dans celle-ci... tout ça avec dans le contexte d'enfants adolescents ou jeunes étudiants.;Bon;;;La peur que l’entourage apprenne que je consulte ce professionnel;La difficulté à avoir un rendez-vous avec un de ces professionnels;;Le fait de ne pas savoir à qui s’adresser;;Important pour moi;Très important pour moi;Très important pour moi;Important pour moi;Neutre;Important pour moi;Important pour moi;Neutre;Très important pour moi;Très important pour moi;;Oui, tout à fait;Oui, un peu;Oui, un peu;Oui, un peu;Oui, un peu;Oui, plutôt;;;;;;Elle est relativement apaisée et épanouissante mais pas sans questionnements !;Oui, plutôt;Plutôt d'accord;Plutôt d'accord;Plutôt d'accord;Tout à fait d'accord;Plutôt d'accord;Rarement;Plutôt pas d'accord;Plutôt pas d'accord;Plutôt pas d'accord;;;;;
Avignon;Mère;;Une famille nucléaireUne famille composée d'un couple de parents et leur(s) enfant(s);;Oui;Entre 18 et 39 ans;Non;Sans enfant;Profession intermédiaire;Vous habitez dans une maison dont vous êtes propriétaire ou locataire;;3;0;2 ans;4 ans;7 ans;;;;;;;;;;Ni l'un ni l'autre;;;Oui;;;;;Bon;;;;;Le manque d’information sur ce que font ces professionnels;;;Pas très important pour moi;Neutre;Neutre;Neutre;Neutre;Neutre;Neutre;Pas très important pour moi;Pas très important pour moi;Neutre;;Oui, un peu;Oui, un peu;Oui, un peu;Oui, un peu;Oui, un peu;Ni oui ni non;;Elle est conflictuelle;;;;;Oui, plutôt;Ni d'accord ni pas d'accord;Ni d'accord ni pas d'accord;Ni d'accord ni pas d'accord;Ni d'accord ni pas d'accord;Ni d'accord ni pas d'accord;;;;;;;;;
;;;;;;;;;;;;;;;;;;;;;;;;;;;;;;;;;;;;;;;;;;;;;;;;;;;;;;;;;;;;;;;;;;;;;;;;;;;;;;;
;;;;;;;;;;;;;;;;;;;;;;;;;;;;;;;;;;;;;;;;;;;;;;;;;;;;;;;;;;;;;;;;;;;;;;;;;;;;;;;
;;;;;;;;;;;;;;;;;;;;;;;;;;;;;;;;;;;;;;;;;;;;;;;;;;;;;;;;;;;;;;;;;;;;;;;;;;;;;;;
