respondent_id,collector_id,date_created,date_modified,ip_address,email_address,first_name,last_name,custom_1,"Vous êtes venu(e) aux Pâtes au Beurre, pouvez-vous nous dire dans quelle ville ?",Vous êtes ...,,Votre famille est ...,,"Au sein de votre foyer, vivez-vous avec un autre membre de votre famille (exemple : grand-parent, oncle, tante, ...) ?",Vous avez ...,Attendez-vous un enfant ?,Vous êtes venu(e) aux Pâtes au Beurre ...,"Concernant votre situation professionnelle, vous êtes…",Concernant votre situation de logement …,,"Combien y a t-il d'enfant(s) de moins de 18 ans au sein de votre foyer ?Suivante la composition de votre foyer, veuillez renseigner l'ensemble des enfants (vos enfants et les autres enfants, par exemple de votre conjoint(e), habitant dans votre foyer)","Combien y a t-il d'enfant(s) de 18 ans ou plus au sein de votre foyer ?Suivante la composition de votre foyer, veuillez renseigner l'ensemble des enfants (vos enfants et les autres enfants, par exemple de votre conjoint(e), habitant dans votre foyer)",Quels sont les âges des enfants de votre foyer ?Merci de remplir l'âge de l'ensemble des enfants de votre foyer (moins de 18 ans et plus de 18 ans) ,,,,,,,,,,,,"Avant de venir dans un accueil les Pâtes au Beurre, vous avez…",,,Est-ce la première fois que vous venez dans un accueil les Pâtes au Beurre ?,A quand remonte votre première venue dans un accueil les Pâtes au Beurre ?,,"En tout, combien de fois êtes-vous venu(e) dans un accueil les Pâtes au Beurre ?","Si vous le souhaitez, pouvez-vous nous dire la raison de votre venue aux Pâtes au Beurre aujourd'hui ?","Aujourd’hui, comment décririez-vous votre état de santé mentale ?","Pour vous, quels sont les principaux obstacles à la consultation d’un psychiatre, psychologue ou psychothérapeute ?",,,,,,,"Pour vous, quels sont les atouts principaux des accueils les Pâtes au Beurre ?",,,,,,,,,,,"Lors de ma venue au Pâtes au Beurre, j’ai pu…",,,,,"Êtes vous d'accord avec l'affirmation suivante ?""Aujourd'hui, ma venue aux Pâtes au Beurre a été un moment de réconfort""","Aujourd'hui, comment qualifieriez-vous la relation avec votre (vos) enfant(s) ?",,,,,,"Sur le mois écoulé, avez-vous eu le sentiment de suffisamment dialoguer avec votre (vos) enfant(s) ?","Êtes vous d'accord avec l'affirmation suivante ?""Depuis que je viens aux Pâtes au Beurre, je me sens plus en lien avec mon (mes) enfant(s)""",Êtes vous d'accord avec les affirmations suivantes ?,,,,,"Depuis la première fois que vous êtes venu aux Pâtes au Beurre, est-ce que vous accordez plus de temps avec votre enfant ?","Êtes vous d'accord avec l'affirmation suivante ?""De façon générale, je me sens en difficulté(e) dans ce que je dois faire en tant que parent""","Êtes vous d'accord avec l'affirmation suivante ? ""Il y a tellement d'informations et d'affirmations sur comment être parent que je ne sais plus quoi penser""","Depuis que vous fréquentez les accueils les Pâtes au Beurre, avez-vous le sentiment d'avoir plus de recul sur votre rôle de parent ?",Êtes vous d'accord avec les affirmations suivantes ?,,Merci beaucoup d'avoir pris le temps de répondre à ce questionnaire ! Avez-vous un dernier commentaire pour l'équipe des Pâtes au Beurre ?,,"Si vous le souhaitez, pouvez-vous nous dire la raison de votre venue aux Pâtes au Beurre ?","Aujourd’hui, comment décririez-vous votre état de santé mentale ?","Pour vous, quels sont les principaux obstacles à la consultation d’un psychiatre, psychologue ou psychothérapeute ?",,,,,,,"Pour vous, quels sont les atouts principaux des accueils les Pâtes au Beurre ?",,,,,,,,,,,"Lors de ma venue au Pâtes au Beurre, j’ai pu…",,,,,"Êtes vous d'accord avec l'affirmation suivante ?""Aujourd'hui, ma venue aux Pâtes au Beurre a été un moment de réconfort""","Aujourd'hui, comment qualifieriez-vous la relation avec votre (vos) enfant(s) ?",,,,,,"Sur le mois écoulé, avez-vous eu le sentiment de suffisamment dialoguer avec votre (vos) enfant(s) ?",Êtes vous d'accord avec les affirmations suivantes ?,,,,,"Êtes vous d'accord avec l'affirmation suivante ?""De façon générale, je me sens en difficulté(e) dans ce que je dois faire en tant que parent""","Êtes vous d'accord avec l'affirmation suivante ? ""Il y a tellement d'informations et d'affirmations sur comment être parent que je ne sais plus quoi penser""",Êtes vous d'accord avec les affirmations suivantes ?,,Merci beaucoup d'avoir pris le temps de répondre à ce questionnaire ! Avez-vous un dernier commentaire pour l'équipe des Pâtes au Beurre ?
,,,,,,,,,Response,Response,Autre (veuillez préciser),Response,Autre (veuillez préciser),Response,Response,Response,Response,Response,Response,Autre (veuillez préciser),Response,Response,Enfant 1 (si concerné) - ,Enfant 2 (si concerné) - ,Enfant 3 (si concerné) - ,Enfant 4 (si concerné) - ,Enfant 5 (si concerné) - ,Enfant 6 (si concerné) - ,Enfant 7 (si concerné) - ,Enfant 8 (si concerné) - ,Enfant 9 (si concerné) - ,Enfant 10 (si concerné) - ,Enfant 11 (si concerné) - ,Enfant 12 (si concerné) - ,Ni l'un ni l'autre,Contacté l'antenne pour obtenir des informations pratiques,"Contacté le ""Fil des Pâtes au Beurre"", et obtenu une consultation clinique téléphonique",Response,Response,6 mois et plus (veuillez précisez le nombre de mois),Response,Open-Ended Response,Response,Le prix de la consultation,L’image de ces professionnels,La peur que l’entourage apprenne que je consulte ce professionnel,La difficulté à avoir un rendez-vous avec un de ces professionnels,Le manque d’information sur ce que font ces professionnels,Le fait de ne pas savoir à qui s’adresser,"La difficulté de me confier, la peur de ce que je peux découvrir sur moi",Le fait que ce soit un espace d'écoute en collectif,Le fait que ce soit ouvert à tous,Le fait de pouvoir venir avec son (ses) enfant(s) mais aussi sans,"Le fait d'être accueilli(e) dans un cadre convivial et humain, autour d'une pause thé, café, madeleine",Le fait que l'anonymat soit respecté,Le fait que l'accueil soit gratuit,Le fait d'avoir accès à un binôme de professionnels de la santé mentale et relationnelle,Le fait de pouvoir venir et partir quand on veut,Le fait que l'accueil soit sans délai,Le fait que l'accueil ne nécessite pas de démarche administrative,Autre (veuillez préciser),Exprimer une ou plusieurs difficultés concernant ma situation de parent,Faire des liens entre différentes choses concernant ma situation,Mieux comprendre d’où venaient ces difficultés,Questionner la façon dont je vois le lien que j’ai avec mon enfant,Avoir un nouveau regard sur le lien que j’ai avec mon enfant,Response,Elle a toujours été épanouissante,Elle est conflictuelle,Elle peut être violente,Elle est maintenant apaisée,Je ne comprends pas mon enfant,Autre (veuillez préciser),Response,Response,Je suis capable de mettre des mots sur ce que ressent mon enfant,J'écoute régulièrement mon enfant parler de ce qu'il ressent,"Quand il ressent des émotions fortes (colère, tristesse), Je propose des solutions ou des perspectives qui aident mon enfant à mieux comprendre ses émotions",Mon enfant semble plus calme après avoir discuté de ses émotions avec moi,Mon enfant me fait confiance pour l'aider dans ses difficultés,Response,Response,Response,Response,"""J'ai des gens autour de moi auxquels je me confie facilement sur les difficultés que je vis en tant que parent ""","""J'ai suffisamment l'occasion de me confier sur les difficultés que je vis en tant que parent """,Response,Oui,Open-Ended Response,Response,Le prix de la consultation,L’image de ces professionnels,La peur que l’entourage apprenne que je consulte ce professionnel,La difficulté à avoir un rendez-vous avec un de ces professionnels,Le manque d’information sur ce que font ces professionnels,Le fait de ne pas savoir à qui s’adresser,"La difficulté de me confier, la peur de ce que je peux découvrir sur moi",Le fait que ce soit un espace d'écoute en collectif,Le fait que ce soit ouvert à tous,Le fait de pouvoir venir avec son (ses) enfant(s) mais aussi sans,"Le fait d'être accueilli(e) dans un cadre convivial et humain, autour d'une pause thé, café, madeleine",Le fait que l'anonymat soit respecté,Le fait que l'accueil soit gratuit,Le fait d'avoir accès à un binôme de professionnels de la santé mentale et relationnelle,Le fait de pouvoir venir et partir quand on veut,Le fait que l'accueil soit sans délai,Le fait que l'accueil ne nécessite pas de démarche administrative,Autre (veuillez préciser),Exprimer une ou plusieurs difficultés concernant ma situation de parent,Faire des liens entre différentes choses concernant ma situation,Mieux comprendre d’où venaient ces difficultés,Questionner la façon dont je vois le lien que j’ai avec mon enfant,Avoir un nouveau regard sur le lien que j’ai avec mon enfant,Response,Elle a toujours été épanouissante,Elle est conflictuelle,Elle peut être violente,Elle est maintenant apaisée,Je ne comprends pas mon enfant,Autre (veuillez préciser),Response,Je suis capable de mettre des mots sur ce que ressent mon enfant,J'écoute régulièrement mon enfant parler de ce qu'il ressent,"Quand il ressent des émotions fortes (colère, tristesse), Je propose des solutions ou des perspectives qui aident mon enfant à mieux comprendre ses émotions",Mon enfant semble plus calme après avoir discuté de ses émotions avec moi,Mon enfant me fait confiance pour l'aider dans ses difficultés,Response,Response,"""J'ai des gens autour de moi auxquels je me confie facilement sur les difficultés que je vis en tant que parent""","""J'ai suffisamment l'occasion de me confier sur les difficultés que je vis en tant que parent""",Open-Ended Response
118948181989,462074520,09/08/2025 04:33:39 PM,09/08/2025 04:39:09 PM,,,,,,Le Grand-Bornand,Autre (veuillez préciser),Père + mère,Une famille nucléaireUne famille composée d'un couple de parents et leur(s) enfant(s),,Non,Entre 18 et 39 ans,Non,Accompagné(e) d'un ou plusieurs enfant(s),"Cadre, profession intellectuelle supérieure",Vous habitez dans un appartement dont vous êtes propriétaire ou locataire,,2,0,1 an,5 ans,,,,,,,,,,,Ni l'un ni l'autre,,,Oui,,,,,,,,,,,,,,,,,,,,,,,,,,,,,,,,,,,,,,,,,,,,,,,,,,,curiosité,Excellent,,,,,,,"La difficulté de me confier, la peur de ce que je peux découvrir sur moi",Neutre,Très important pour moi,Très important pour moi,Important pour moi,Pas du tout important pour moi,Pas du tout important pour moi,Important pour moi,Pas très important pour moi,Pas très important pour moi,Important pour moi,,"Oui, tout à fait","Oui, tout à fait","Oui, tout à fait","Oui, tout à fait","Oui, tout à fait","Oui, tout à fait",Elle a toujours été épanouissante,,,,,,"Oui, tout à fait",Tout à fait d'accord,Tout à fait d'accord,Plutôt d'accord,Plutôt d'accord,Tout à fait d'accord,Parfois,Plutôt d'accord,Tout à fait d'accord,Tout à fait d'accord,
118948180112,462074520,09/08/2025 04:31:36 PM,09/08/2025 04:33:29 PM,,,,,,Le Grand-Bornand,Mère,,Une famille nucléaireUne famille composée d'un couple de parents et leur(s) enfant(s),,Non,Entre 18 et 39 ans,Oui,Accompagné(e) d'un ou plusieurs enfant(s),Profession intermédiaire,Vous habitez dans un appartement dont vous êtes propriétaire ou locataire,,1,0,Moins d'un an,,,,,,,,,,,,Ni l'un ni l'autre,,,Oui,,,,,,,,,,,,,,,,,,,,,,,,,,,,,,,,,,,,,,,,,,,,,,,,,,,,Moyen,,,La peur que l’entourage apprenne que je consulte ce professionnel,,,,"La difficulté de me confier, la peur de ce que je peux découvrir sur moi",Neutre,Neutre,Important pour moi,Important pour moi,Important pour moi,Important pour moi,Neutre,Important pour moi,Important pour moi,Important pour moi,,"Oui, tout à fait","Oui, tout à fait","Oui, un peu","Oui, tout à fait","Oui, un peu","Oui, tout à fait",,,,,Je ne comprends pas mon enfant,,"Non, plutôt pas",Plutôt d'accord,,Ni d'accord ni pas d'accord,Ni d'accord ni pas d'accord,Ni d'accord ni pas d'accord,Souvent,Plutôt d'accord,Plutôt pas d'accord,Plutôt pas d'accord,
118948178155,462074520,09/08/2025 04:29:30 PM,09/08/2025 04:31:26 PM,,,,,,Le Grand-Bornand,Autre (veuillez préciser),n'a pas rempli,Une famille monoparentale,,Non,Plus de 50 ans,Non,Sans enfant,Profession intermédiaire,Vous habitez dans un appartement dont vous êtes propriétaire ou locataire,,1,0,17 ans,,,,,,,,,,,,Ni l'un ni l'autre,,,Oui,,,,,,,,,,,,,,,,,,,,,,,,,,,,,,,,,,,,,,,,,,,,,,,,,,,,Mauvais,,,,,,,,Important pour moi,Important pour moi,Important pour moi,Important pour moi,Important pour moi,Important pour moi,Important pour moi,Important pour moi,Important pour moi,Important pour moi,,"Oui, tout à fait","Oui, tout à fait","Oui, un peu","Oui, tout à fait","Oui, tout à fait","Oui, tout à fait",,Elle est conflictuelle,,,,,"Non, pas du tout",Plutôt d'accord,,Plutôt d'accord,Plutôt d'accord,Ni d'accord ni pas d'accord,Très souvent,Tout à fait d'accord,Plutôt pas d'accord,Plutôt pas d'accord,
118948175340,462074520,09/08/2025 04:26:19 PM,09/08/2025 04:29:09 PM,,,,,,Le Grand-Bornand,Mère,,Une famille nucléaireUne famille composée d'un couple de parents et leur(s) enfant(s),,Non,Entre 40 et 49 ans,Non,Sans enfant,"Cadre, profession intellectuelle supérieure",Vous habitez dans une maison dont vous êtes propriétaire ou locataire,,3,0,7 ans,7 ans,7 ans,,,,,,,,,,Ni l'un ni l'autre,,,Non,6 mois et plus (veuillez précisez le nombre de mois),X,2 fois,échange avec pro,Très bon,,,,,,Le fait de ne pas savoir à qui s’adresser,,Très important pour moi,Très important pour moi,Très important pour moi,Très important pour moi,Très important pour moi,Pas très important pour moi,Très important pour moi,Neutre,Pas du tout important pour moi,Important pour moi,,"Oui, tout à fait","Oui, tout à fait","Oui, un peu","Oui, un peu","Oui, un peu","Oui, plutôt",Elle a toujours été épanouissante,Elle est conflictuelle,,,Je ne comprends pas mon enfant,pas figé,"Oui, plutôt",Ni d'accord ni pas d'accord,Plutôt d'accord,Ni d'accord ni pas d'accord,Plutôt d'accord,Tout à fait d'accord,Ni d'accord ni pas d'accord,"Oui, plutôt",Rarement,Plutôt pas d'accord,"Oui, tout à fait",Plutôt d'accord,Plutôt d'accord,Oui,merci !,,,,,,,,,,,,,,,,,,,,,,,,,,,,,,,,,,,,,,,,,,,
118948172359,462074520,09/08/2025 04:22:55 PM,09/08/2025 04:26:10 PM,,,,,,Le Grand-Bornand,Mère,,Une famille nucléaireUne famille composée d'un couple de parents et leur(s) enfant(s),,Non,Entre 18 et 39 ans,Non,Accompagné(e) d'un ou plusieurs enfant(s),"Artisan(e), commerçant(e), chef·fe d'entreprise",Vous habitez dans un appartement dont vous êtes propriétaire ou locataire,,2,0,Moins d'un an,5 ans,,,,,,,,,,,Ni l'un ni l'autre,,,Oui,,,,,,,,,,,,,,,,,,,,,,,,,,,,,,,,,,,,,,,,,,,,,,,,,,,colère et ?? enfant de 5 ans,Moyen,,,,La difficulté à avoir un rendez-vous avec un de ces professionnels,,,,Neutre,Important pour moi,Important pour moi,Important pour moi,Neutre,Neutre,Important pour moi,Important pour moi,Important pour moi,Important pour moi,,"Oui, tout à fait","Oui, tout à fait","Oui, un peu","Oui, tout à fait","Oui, un peu","Oui, tout à fait",,,,,Je ne comprends pas mon enfant,,"Oui, plutôt",Plutôt d'accord,Plutôt d'accord,Plutôt pas d'accord,Plutôt pas d'accord,Plutôt pas d'accord,Souvent,Plutôt d'accord,Pas du tout d'accord,Pas du tout d'accord,
118948170531,462074520,09/08/2025 04:20:51 PM,09/08/2025 04:22:43 PM,,,,,,Le Grand-Bornand,Autre (veuillez préciser),n'a pas répondu,Une famille nucléaireUne famille composée d'un couple de parents et leur(s) enfant(s),,Non,Entre 40 et 49 ans,Non,Accompagné(e) d'un ou plusieurs enfant(s),Profession intermédiaire,Vous habitez dans un appartement dont vous êtes propriétaire ou locataire,,3,0,12 ans,10 ans,3 ans,,,,,,,,,,Ni l'un ni l'autre,,,Oui,,,,,,,,,,,,,,,,,,,,,,,,,,,,,,,,,,,,,,,,,,,,,,,,,,,,Moyen,,,,,,Le fait de ne pas savoir à qui s’adresser,,Neutre,Important pour moi,Important pour moi,Important pour moi,Neutre,Important pour moi,Neutre,Important pour moi,Important pour moi,Important pour moi,,"Oui, tout à fait","Oui, un peu","Oui, un peu",Non,Non,"Oui, plutôt",,Elle est conflictuelle,,,,,"Non, plutôt pas",Ni d'accord ni pas d'accord,Ni d'accord ni pas d'accord,Ni d'accord ni pas d'accord,Plutôt d'accord,Ni d'accord ni pas d'accord,Parfois,Plutôt d'accord,Pas du tout d'accord,Pas du tout d'accord,
118948168524,462074520,09/08/2025 04:18:31 PM,09/08/2025 04:20:39 PM,,,,,,Le Grand-Bornand,Mère,,Une famille nucléaireUne famille composée d'un couple de parents et leur(s) enfant(s),,Non,Entre 18 et 39 ans,Non,Accompagné(e) d'un ou plusieurs enfant(s),"Artisan(e), commerçant(e), chef·fe d'entreprise",Vous habitez dans une maison dont vous êtes propriétaire ou locataire,,2,0,7 ans,4 ans,,,,,,,,,,,Ni l'un ni l'autre,,,Oui,,,,,,,,,,,,,,,,,,,,,,,,,,,,,,,,,,,,,,,,,,,,,,,,,,,hasard lors du festival,Très bon,,,,,,Le fait de ne pas savoir à qui s’adresser,,Très important pour moi,Très important pour moi,Très important pour moi,Très important pour moi,Très important pour moi,Très important pour moi,Très important pour moi,Très important pour moi,Très important pour moi,Très important pour moi,,"Oui, tout à fait","Oui, un peu","Oui, un peu","Oui, tout à fait","Oui, tout à fait","Oui, tout à fait",Elle a toujours été épanouissante,Elle est conflictuelle,,,,,"Oui, plutôt",Plutôt d'accord,Tout à fait d'accord,Tout à fait d'accord,Tout à fait d'accord,Plutôt d'accord,Parfois,Plutôt d'accord,Tout à fait d'accord,Plutôt pas d'accord,Merci beaucoup pour l'accueil et l'écoute
118948165508,462074520,09/08/2025 04:15:14 PM,09/08/2025 04:18:25 PM,,,,,,Le Grand-Bornand,Mère,,Une famille nucléaireUne famille composée d'un couple de parents et leur(s) enfant(s),,Non,Entre 40 et 49 ans,Non,Sans enfant,"Cadre, profession intellectuelle supérieure",Vous habitez dans une maison dont vous êtes propriétaire ou locataire,,1,0,6 ans,,,,,,,,,,,,Ni l'un ni l'autre,,,Oui,,,,,,,,,,,,,,,,,,,,,,,,,,,,,,,,,,,,,,,,,,,,,,,,,,,Interrogation sur les troubles alimentaires (hypersélectivité alimentaire),Bon,,,,La difficulté à avoir un rendez-vous avec un de ces professionnels,,,"La difficulté de me confier, la peur de ce que je peux découvrir sur moi",Important pour moi,Très important pour moi,Important pour moi,Important pour moi,Important pour moi,Important pour moi,Important pour moi,Important pour moi,Important pour moi,Important pour moi,,"Oui, tout à fait","Oui, un peu","Oui, un peu","Oui, un peu","Oui, tout à fait","Oui, plutôt",Elle a toujours été épanouissante,,,,,,"Oui, tout à fait",,,,,,Parfois,Plutôt d'accord,Ni d'accord ni pas d'accord,Ni d'accord ni pas d'accord,Merci pour ce temps d'accueil et d'échange. Je découvre votre association et j'aurais aimé qu'il y ait une antenne plus proche de chez moi (j'habite à Grenoble).
118948162948,462074520,09/08/2025 04:12:30 PM,09/08/2025 04:15:06 PM,,,,,,Le Grand-Bornand,Autre (veuillez préciser),n'a pas répondu,Une famille nucléaireUne famille composée d'un couple de parents et leur(s) enfant(s),,Non,Entre 18 et 39 ans,Non,Accompagné(e) d'un ou plusieurs enfant(s),Employé(e),Vous habitez dans une maison dont vous êtes propriétaire ou locataire,,2,0,11 ans,10 ans,,,,,,,,,,,Ni l'un ni l'autre,,,Oui,,,,,,,,,,,,,,,,,,,,,,,,,,,,,,,,,,,,,,,,,,,,,,,,,,,la curiosité,Excellent,Le prix de la consultation,,,,,,,Très important pour moi,Très important pour moi,Très important pour moi,Très important pour moi,Neutre,Très important pour moi,Très important pour moi,Très important pour moi,Très important pour moi,Très important pour moi,,"Oui, un peu","Oui, tout à fait","Oui, un peu","Oui, un peu","Oui, un peu","Oui, tout à fait",Elle a toujours été épanouissante,,,,,,"Oui, plutôt",Plutôt d'accord,Plutôt d'accord,Ni d'accord ni pas d'accord,Tout à fait d'accord,Plutôt d'accord,Parfois,Plutôt d'accord,Ni d'accord ni pas d'accord,Plutôt d'accord,
118948161092,462074520,09/08/2025 04:10:24 PM,09/08/2025 04:12:22 PM,,,,,,Le Grand-Bornand,Mère,,Une famille recomposée,,Non,Plus de 50 ans,Non,Accompagné(e) d'un ou plusieurs enfant(s),Profession intermédiaire,Vous habitez dans une maison dont vous êtes propriétaire ou locataire,,1,0,9 ans,,,,,,,,,,,,Ni l'un ni l'autre,,,Oui,,,,,,,,,,,,,,,,,,,,,,,,,,,,,,,,,,,,,,,,,,,,,,,,,,,Partager et recevoir un regard sur mon fils,Moyen,Le prix de la consultation,,La peur que l’entourage apprenne que je consulte ce professionnel,,,,,Important pour moi,Très important pour moi,Très important pour moi,Important pour moi,Important pour moi,Important pour moi,Important pour moi,Très important pour moi,Très important pour moi,Très important pour moi,,"Oui, tout à fait","Oui, tout à fait",Non,"Oui, un peu","Oui, un peu","Oui, tout à fait",Elle a toujours été épanouissante,Elle est conflictuelle,,,,,"Oui, plutôt",Plutôt d'accord,Plutôt d'accord,Ni d'accord ni pas d'accord,Plutôt d'accord,Ni d'accord ni pas d'accord,Parfois,Plutôt d'accord,Ni d'accord ni pas d'accord,Ni d'accord ni pas d'accord,
118948158908,462074520,09/08/2025 04:07:55 PM,09/08/2025 04:10:14 PM,,,,,,Le Grand-Bornand,Autre (veuillez préciser),Grand-mère,Une famille nucléaireUne famille composée d'un couple de parents et leur(s) enfant(s),,Non,Plus de 50 ans,Non,Accompagné(e) d'un ou plusieurs enfant(s),Retraité(e),Vous habitez dans un appartement dont vous êtes propriétaire ou locataire,,1,2,21 ans et plus,21 ans et plus,14 ans,,,,,,,,,,Ni l'un ni l'autre,,,Oui,,,,,,,,,,,,,,,,,,,,,,,,,,,,,,,,,,,,,,,,,,,,,,,,,,,,Bon,Le prix de la consultation,,,,,,,Neutre,Important pour moi,Important pour moi,Important pour moi,Neutre,Neutre,Neutre,Important pour moi,Important pour moi,Important pour moi,,,,,,,Ni oui ni non,,,,,,,"Non, plutôt pas",Plutôt d'accord,Tout à fait d'accord,Pas du tout d'accord,Pas du tout d'accord,Pas du tout d'accord,Souvent,Ni d'accord ni pas d'accord,Plutôt d'accord,Plutôt d'accord,
118948156720,462074520,09/08/2025 04:05:32 PM,09/08/2025 04:06:48 PM,,,,,,Le Grand-Bornand,Autre (veuillez préciser),Professionnelle du spectacle vivant (jeune public),Autre (veuillez préciser),un couple sans enfants,Non,Plus de 50 ans,Non,Sans enfant,Profession intermédiaire,Vous habitez dans une maison dont vous êtes propriétaire ou locataire,,0,0,,,,,,,,,,,,,Ni l'un ni l'autre,,,Oui,,,,,,,,,,,,,,,,,,,,,,,,,,,,,,,,,,,,,,,,,,,,,,,,,,,,,,,,,,,,,,,,,,,,,,,,,,,,,,,,,,,,,,,,,,,,,
118948153814,462074520,09/08/2025 04:02:04 PM,09/08/2025 04:05:24 PM,,,,,,Le Grand-Bornand,Mère,,Une famille nucléaireUne famille composée d'un couple de parents et leur(s) enfant(s),,Non,Plus de 50 ans,Non,Sans enfant,Retraité(e),Vous habitez dans une maison dont vous êtes propriétaire ou locataire,,0,0,,,,,,,,,,,,,Ni l'un ni l'autre,,,Oui,,,,,,,,,,,,,,,,,,,,,,,,,,,,,,,,,,,,,,,,,,,,,,,,,,,,Très bon,,,,,,,,Neutre,Important pour moi,Important pour moi,Important pour moi,Important pour moi,Important pour moi,Important pour moi,Important pour moi,Important pour moi,Important pour moi,,"Oui, tout à fait",,,,"Oui, un peu","Oui, plutôt",,,,,Je ne comprends pas mon enfant,,"Oui, plutôt",Plutôt d'accord,,,,,Souvent,Ni d'accord ni pas d'accord,Plutôt d'accord,Plutôt d'accord,Nous avons pu exprimer nos difficultés avec notre fils adulte. [questionnaire rempli par le père et la mère ensemble]
118948151308,462074520,09/08/2025 03:59:19 PM,09/08/2025 04:01:58 PM,,,,,,Le Grand-Bornand,Mère,,Une famille recomposée,,Non,Plus de 50 ans,Non,Accompagné(e) d'un ou plusieurs enfant(s),Profession intermédiaire,Vous habitez dans une maison dont vous êtes propriétaire ou locataire,,1,0,9 ans,,,,,,,,,,,,Ni l'un ni l'autre,,,Non,Moins d'un mois,,2 fois,Conseil autour de la colère,Excellent,,,,La difficulté à avoir un rendez-vous avec un de ces professionnels,,,,Très important pour moi,Très important pour moi,Très important pour moi,Très important pour moi,Très important pour moi,Très important pour moi,Très important pour moi,Très important pour moi,Très important pour moi,Très important pour moi,,"Oui, tout à fait","Oui, tout à fait","Oui, tout à fait","Oui, tout à fait",,"Oui, tout à fait",Elle a toujours été épanouissante,Elle est conflictuelle,,,,,"Oui, plutôt",Plutôt d'accord,Plutôt d'accord,Plutôt d'accord,Ni d'accord ni pas d'accord,Plutôt d'accord,Plutôt d'accord,"Oui, plutôt",Parfois,Plutôt d'accord,"Oui, plutôt",Plutôt d'accord,Ni d'accord ni pas d'accord,Oui,Merci !,,,,,,,,,,,,,,,,,,,,,,,,,,,,,,,,,,,,,,,,,,,
118948148377,462074520,09/08/2025 03:55:48 PM,09/08/2025 03:59:14 PM,,,,,,Le Grand-Bornand,Autre (veuillez préciser),Grand-mère,Une famille nucléaireUne famille composée d'un couple de parents et leur(s) enfant(s),,Non,Plus de 50 ans,Non,Accompagné(e) d'un ou plusieurs enfant(s),"Cadre, profession intellectuelle supérieure",Vous habitez dans une maison dont vous êtes propriétaire ou locataire,,0,0,,,,,,,,,,,,,Ni l'un ni l'autre,,,Oui,,,,,,,,,,,,,,,,,,,,,,,,,,,,,,,,,,,,,,,,,,,,,,,,,,,Hier perte de l'enfant,Excellent,,,,,,,,Très important pour moi,Très important pour moi,Très important pour moi,Très important pour moi,Très important pour moi,Très important pour moi,Très important pour moi,Très important pour moi,Très important pour moi,Très important pour moi,,"Oui, tout à fait",,,,,Ni oui ni non,Elle a toujours été épanouissante,,,,,,"Oui, plutôt",Plutôt d'accord,,,,,Parfois,Ni d'accord ni pas d'accord,Ni d'accord ni pas d'accord,Ni d'accord ni pas d'accord,Merci pour ce temps d'échange qui m'a permis de comprendre
118948145477,462074520,09/08/2025 03:52:12 PM,09/08/2025 03:55:41 PM,,,,,,Le Grand-Bornand,Mère,,Une famille nucléaireUne famille composée d'un couple de parents et leur(s) enfant(s),,Non,Entre 18 et 39 ans,Non,Sans enfant,Employé(e),Vous habitez dans une maison dont vous êtes propriétaire ou locataire,,2,0,7 ans,5 ans,,,,,,,,,,,Ni l'un ni l'autre,,,Oui,,,,,,,,,,,,,,,,,,,,,,,,,,,,,,,,,,,,,,,,,,,,,,,,,,,Intérêt de comprendre la fédération et parler entre parents/psychologues,Moyen,Le prix de la consultation,,,,,Le fait de ne pas savoir à qui s’adresser,,Important pour moi,Important pour moi,Important pour moi,Important pour moi,Très important pour moi,Très important pour moi,Très important pour moi,Neutre,Important pour moi,Très important pour moi,,"Oui, tout à fait","Oui, tout à fait","Oui, un peu","Oui, un peu","Oui, un peu","Oui, plutôt",,Elle est conflictuelle,,Elle est maintenant apaisée,,"elle est apaisée, conflictuelle, entière selon les moments","Oui, tout à fait",Plutôt d'accord,Tout à fait d'accord,Tout à fait d'accord,Tout à fait d'accord,Tout à fait d'accord,Parfois,Tout à fait d'accord,Plutôt d'accord,Plutôt d'accord,Merci de mettre la santé mentale des parents aussi visible dans un festival
118948143372,462074520,09/08/2025 03:49:44 PM,09/08/2025 03:52:05 PM,,,,,,Le Grand-Bornand,Mère,,Une famille nucléaireUne famille composée d'un couple de parents et leur(s) enfant(s),,Non,Entre 18 et 39 ans,Non,Accompagné(e) d'un ou plusieurs enfant(s),"Cadre, profession intellectuelle supérieure",Vous habitez dans une maison dont vous êtes propriétaire ou locataire,,2,0,4 ans,2 ans,,,,,,,,,,,Ni l'un ni l'autre,,,Oui,,,,,,,,,,,,,,,,,,,,,,,,,,,,,,,,,,,,,,,,,,,,,,,,,,,grand bornand festival,Bon,,,,,,,,Très important pour moi,Très important pour moi,Très important pour moi,Important pour moi,Important pour moi,Important pour moi,Très important pour moi,Très important pour moi,Très important pour moi,Très important pour moi,,"Oui, tout à fait","Oui, tout à fait","Oui, tout à fait","Oui, tout à fait","Oui, tout à fait","Oui, tout à fait",,,,,,Plus ou moins toujours épanouissante,"Oui, tout à fait",Plutôt d'accord,Plutôt d'accord,Plutôt d'accord,Tout à fait d'accord,Tout à fait d'accord,Parfois,Plutôt d'accord,Tout à fait d'accord,Tout à fait d'accord,
118948141360,462074520,09/08/2025 03:47:13 PM,09/08/2025 03:49:34 PM,,,,,,Le Grand-Bornand,Mère,,Une famille recomposée,,Non,Entre 40 et 49 ans,Non,Sans enfant,"Cadre, profession intellectuelle supérieure",Vous habitez dans une maison dont vous êtes propriétaire ou locataire,,1,0,9 ans,,,,,,,,,,,,,,"Contacté le ""Fil des Pâtes au Beurre"", et obtenu une consultation clinique téléphonique",Oui,,,,,,,,,,,,,,,,,,,,,,,,,,,,,,,,,,,,,,,,,,,,,,,,,,,"Pouvoir parler, partager, pour mieux éduquer",Excellent,Le prix de la consultation,,,La difficulté à avoir un rendez-vous avec un de ces professionnels,Le manque d’information sur ce que font ces professionnels,,,Important pour moi,Très important pour moi,Très important pour moi,Très important pour moi,Très important pour moi,Très important pour moi,Très important pour moi,Très important pour moi,Très important pour moi,Très important pour moi,,"Oui, tout à fait","Oui, tout à fait","Oui, tout à fait","Oui, tout à fait","Oui, tout à fait","Oui, tout à fait",Elle a toujours été épanouissante,Elle est conflictuelle,,,,,"Oui, plutôt",Plutôt d'accord,Tout à fait d'accord,Plutôt d'accord,Plutôt d'accord,Ni d'accord ni pas d'accord,Souvent,Plutôt d'accord,Tout à fait d'accord,Plutôt pas d'accord,
118948139711,462074520,09/08/2025 03:45:08 PM,09/08/2025 03:47:03 PM,,,,,,Le Grand-Bornand,Père,,Une famille séparée,,Non,Entre 40 et 49 ans,Non,Sans enfant,Profession intermédiaire,Vous habitez dans un appartement dont vous êtes propriétaire ou locataire,,1,0,4 ans,,,,,,,,,,,,Ni l'un ni l'autre,,,Oui,,,,,,,,,,,,,,,,,,,,,,,,,,,,,,,,,,,,,,,,,,,,,,,,,,,,Mauvais,,,,La difficulté à avoir un rendez-vous avec un de ces professionnels,,Le fait de ne pas savoir à qui s’adresser,,Important pour moi,Important pour moi,Important pour moi,Important pour moi,Important pour moi,Important pour moi,Important pour moi,Important pour moi,Important pour moi,Important pour moi,,"Oui, tout à fait","Oui, un peu","Oui, un peu","Oui, un peu","Oui, un peu","Oui, tout à fait",,Elle est conflictuelle,,,,,,,,,,,Très souvent,Tout à fait d'accord,Pas du tout d'accord,Pas du tout d'accord,
118948137897,462074520,09/08/2025 03:42:39 PM,09/08/2025 03:44:58 PM,,,,,,Le Grand-Bornand,Mère,,Une famille nucléaireUne famille composée d'un couple de parents et leur(s) enfant(s),,Non,Entre 40 et 49 ans,Non,Accompagné(e) d'un ou plusieurs enfant(s),Employé(e),Vous habitez dans un appartement dont vous êtes propriétaire ou locataire,,3,0,11 ans,9 ans,3 ans,,,,,,,,,,Ni l'un ni l'autre,,,Oui,,,,,,,,,,,,,,,,,,,,,,,,,,,,,,,,,,,,,,,,,,,,,,,,,,,,Très bon,,,,,,,,Neutre,Important pour moi,Très important pour moi,Très important pour moi,Très important pour moi,Pas très important pour moi,Important pour moi,Important pour moi,Important pour moi,Important pour moi,,"Oui, tout à fait","Oui, tout à fait","Oui, tout à fait","Oui, tout à fait","Oui, tout à fait","Oui, plutôt",,,,,,NA,"Oui, plutôt",Tout à fait d'accord,Tout à fait d'accord,Plutôt d'accord,Plutôt d'accord,Plutôt d'accord,Parfois,Plutôt pas d'accord,Tout à fait d'accord,Tout à fait d'accord,
118948135851,462074520,09/08/2025 03:39:52 PM,09/08/2025 03:41:02 PM,,,,,,Le Grand-Bornand,Mère,,Une famille nucléaireUne famille composée d'un couple de parents et leur(s) enfant(s),,Non,Entre 40 et 49 ans,Non,Accompagné(e) d'un ou plusieurs enfant(s),Sans activité professionnelle,Vous habitez dans un appartement dont vous êtes propriétaire ou locataire,,3,0,11 ans,9 ans,3 ans,,,,,,,,,,Ni l'un ni l'autre,,,Oui,,,,,,,,,,,,,,,,,,,,,,,,,,,,,,,,,,,,,,,,,,,,,,,,,,,,,,,,,,,,,,,,,,,,,,,,,,,,,,,,,,,,,,,,,,,,,
118948133719,462074520,09/08/2025 03:37:28 PM,09/08/2025 03:39:47 PM,,,,,,Le Grand-Bornand,Mère,,Une famille séparée,,Non,Entre 18 et 39 ans,Non,Accompagné(e) d'un ou plusieurs enfant(s),Employé(e),Vous habitez dans un appartement dont vous êtes propriétaire ou locataire,,1,0,6 ans,,,,,,,,,,,,Ni l'un ni l'autre,,,Oui,,,,,,,,,,,,,,,,,,,,,,,,,,,,,,,,,,,,,,,,,,,,,,,,,,,de passage,Bon,Le prix de la consultation,,,,,,,Très important pour moi,Très important pour moi,Très important pour moi,Très important pour moi,Très important pour moi,Très important pour moi,Très important pour moi,Très important pour moi,Très important pour moi,Très important pour moi,,"Oui, tout à fait","Oui, tout à fait","Oui, tout à fait",Non,Non,"Oui, plutôt",Elle a toujours été épanouissante,,,,,,"Non, plutôt pas",Tout à fait d'accord,Tout à fait d'accord,Tout à fait d'accord,Tout à fait d'accord,Tout à fait d'accord,Souvent,Plutôt pas d'accord,Ni d'accord ni pas d'accord,Ni d'accord ni pas d'accord,
118948126469,462074520,09/08/2025 03:28:18 PM,09/08/2025 03:37:17 PM,,,,,,Le Grand-Bornand,Future mère,,Une famille nucléaireUne famille composée d'un couple de parents et leur(s) enfant(s),,Non,Entre 18 et 39 ans,Oui,Sans enfant,Ouvrier·ère,Vous habitez dans un appartement dont vous êtes propriétaire ou locataire,,0,0,,,,,,,,,,,,,Ni l'un ni l'autre,,,Oui,,,,,,,,,,,,,,,,,,,,,,,,,,,,,,,,,,,,,,,,,,,,,,,,,,,,Moyen,,,,,,Le fait de ne pas savoir à qui s’adresser,"La difficulté de me confier, la peur de ce que je peux découvrir sur moi",Important pour moi,Important pour moi,Important pour moi,Important pour moi,Important pour moi,Important pour moi,Important pour moi,Important pour moi,Important pour moi,Important pour moi,,"Oui, tout à fait",Non,"Oui, un peu",Non,"Oui, tout à fait","Oui, plutôt",,,,,,Je ne comprends pas moi,,,,,,,Très souvent,Tout à fait d'accord,Plutôt pas d'accord,Plutôt pas d'accord,
118948123159,462074520,09/08/2025 03:24:13 PM,09/08/2025 03:26:09 PM,,,,,,Le Grand-Bornand,Future mère,,Une famille nucléaireUne famille composée d'un couple de parents et leur(s) enfant(s),,Non,Entre 18 et 39 ans,Oui,Sans enfant,Ouvrier·ère,Vous habitez dans un appartement dont vous êtes propriétaire ou locataire,,0,0,,,,,,,,,,,,,Ni l'un ni l'autre,,,Oui,,,,,,,,,,,,,,,,,,,,,,,,,,,,,,,,,,,,,,,,,,,,,,,,,,,,Moyen,,,,,,Le fait de ne pas savoir à qui s’adresser,"La difficulté de me confier, la peur de ce que je peux découvrir sur moi",Important pour moi,Important pour moi,Important pour moi,Important pour moi,Important pour moi,Important pour moi,Important pour moi,Important pour moi,Important pour moi,Important pour moi,,"Oui, tout à fait",Non,"Oui, un peu",Non,"Oui, tout à fait","Oui, plutôt",,,,,,,,,,,,,,,,,
118948119462,462074520,09/08/2025 03:19:22 PM,09/08/2025 03:24:05 PM,,,,,,Le Grand-Bornand,Autre (veuillez préciser),Grand-mère,Une famille séparée,,Non,Plus de 50 ans,Non,Accompagné(e) d'un ou plusieurs enfant(s),Retraité(e),Vous habitez dans une maison dont vous êtes propriétaire ou locataire,,0,2,4 ans,2 ans,,,,,,,,,,,Ni l'un ni l'autre,,,Oui,,,,,,,,,,,,,,,,,,,,,,,,,,,,,,,,,,,,,,,,,,,,,,,,,,,"Intéressée par des conseils et aussi parce que j'ai reçu avec ma fille et mes petits-enfants, un super accueil !!",Excellent,,,,La difficulté à avoir un rendez-vous avec un de ces professionnels,,,,Important pour moi,Très important pour moi,Très important pour moi,Très important pour moi,Très important pour moi,Très important pour moi,Très important pour moi,Très important pour moi,Très important pour moi,Très important pour moi,,"Oui, tout à fait","Oui, tout à fait","Oui, tout à fait","Oui, tout à fait","Oui, tout à fait","Oui, tout à fait",,,,Elle est maintenant apaisée,,,"Oui, plutôt",Plutôt d'accord,Plutôt d'accord,Tout à fait d'accord,Tout à fait d'accord,Tout à fait d'accord,Parfois,Plutôt d'accord,Plutôt d'accord,Ni d'accord ni pas d'accord,Vous faire connaitre !
118948114596,462074520,09/08/2025 03:12:34 PM,09/08/2025 03:19:09 PM,,,,,,Le Grand-Bornand,Père,,Une famille séparée,,Non,Entre 18 et 39 ans,Non,Accompagné(e) d'un ou plusieurs enfant(s),"Artisan(e), commerçant(e), chef·fe d'entreprise",Vous habitez dans une maison dont vous êtes propriétaire ou locataire,,2,0,Moins d'un an,3 ans,,,,,,,,,,,,,"Contacté le ""Fil des Pâtes au Beurre"", et obtenu une consultation clinique téléphonique",Oui,,,,,,,,,,,,,,,,,,,,,,,,,,,,,,,,,,,,,,,,,,,,,,,,,,,Séparation,Moyen,Le prix de la consultation,,,,,,,Neutre,Important pour moi,Très important pour moi,Très important pour moi,Très important pour moi,Très important pour moi,Neutre,Très important pour moi,Très important pour moi,Très important pour moi,,"Oui, tout à fait","Oui, tout à fait","Oui, un peu","Oui, tout à fait","Oui, un peu","Oui, plutôt",,,,,Je ne comprends pas mon enfant,,"Oui, plutôt",Ni d'accord ni pas d'accord,Ni d'accord ni pas d'accord,Ni d'accord ni pas d'accord,Plutôt d'accord,Ni d'accord ni pas d'accord,Souvent,Plutôt d'accord,Plutôt d'accord,Plutôt d'accord,
118938238416,460233946,08/25/2025 08:03:45 AM,09/08/2025 11:49:51 AM,,,,,,Le Grand-Bornand,Père,,Une famille nucléaireUne famille composée d'un couple de parents et leur(s) enfant(s),,Non,Entre 18 et 39 ans,Oui,Sans enfant,Agriculteur·rice exploitant(e),Vous habitez dans une maison dont vous êtes propriétaire ou locataire,,0,0,Moins d'un an,,,,,,,,,,,,Ni l'un ni l'autre,,,Oui,,,,,,,,,,,,,,,,,,,,,,,,,,,,,,,,,,,,,,,,,,,,,,,,,,,grossesse difficile,Mauvais,,L’image de ces professionnels,,,,,,Neutre,Important pour moi,Important pour moi,Important pour moi,Neutre,Important pour moi,Important pour moi,Important pour moi,Important pour moi,Important pour moi,,"Oui, tout à fait","Oui, un peu",Non,"Oui, un peu",Non,"Oui, tout à fait",,,,,,enceinte- pas de relation autre qu'angoisse,"Non, pas du tout",Pas du tout d'accord,Pas du tout d'accord,Pas du tout d'accord,Pas du tout d'accord,Pas du tout d'accord,Très souvent,Tout à fait d'accord,Pas du tout d'accord,Pas du tout d'accord,je suis enceinte et je n'ai pas mon enfant je peux pas dire mes difficultés de relation
118946688895,460233946,09/05/2025 09:12:44 PM,09/05/2025 09:20:10 PM,,,,,,Carquefou,Mère,,Une famille séparée,,Non,Entre 40 et 49 ans,Non,Accompagné(e) d'un ou plusieurs enfant(s),Profession intermédiaire,Vous habitez dans un appartement dont vous êtes propriétaire ou locataire,,2,0,8 ans,12 ans,,,,,,,,,,,Ni l'un ni l'autre,,,Non,6 mois et plus (veuillez précisez le nombre de mois),60,2 fois,Séparation avec le papa de mes enfants,Bon,Le prix de la consultation,,,,,Le fait de ne pas savoir à qui s’adresser,,Pas très important pour moi,Très important pour moi,Très important pour moi,Très important pour moi,Neutre,Très important pour moi,Important pour moi,Important pour moi,Très important pour moi,Important pour moi,,"Oui, tout à fait","Oui, un peu","Oui, un peu",Non,"Oui, tout à fait","Oui, tout à fait",Elle a toujours été épanouissante,,,,,,"Oui, tout à fait",Plutôt d'accord,Ni d'accord ni pas d'accord,Tout à fait d'accord,Tout à fait d'accord,Tout à fait d'accord,Tout à fait d'accord,"Oui, plutôt",Rarement,Ni d'accord ni pas d'accord,"Oui, plutôt",Tout à fait d'accord,Tout à fait d'accord,Oui,Merci à l'équipe qui nous a accueilli ce soir et qui a gagné la confiance de mes enfants pour qu'ils puissent s'exprimer,,,,,,,,,,,,,,,,,,,,,,,,,,,,,,,,,,,,,,,,,,,
118945303133,460233946,09/04/2025 08:01:33 AM,09/04/2025 08:11:00 AM,,,,,,Buxerolles (Poitiers),Mère,,Une famille séparée,,Non,Entre 18 et 39 ans,Non,Accompagné(e) d'un ou plusieurs enfant(s),Employé(e),Vous habitez dans un appartement dont vous êtes propriétaire ou locataire,,1,0,4 ans,,,,,,,,,,,,Ni l'un ni l'autre,,,Non,6 mois et plus (veuillez précisez le nombre de mois),Il a 2ans,3 fois,,Excellent,,,,,,,"La difficulté de me confier, la peur de ce que je peux découvrir sur moi",Très important pour moi,Très important pour moi,Neutre,Très important pour moi,Très important pour moi,Très important pour moi,Très important pour moi,Très important pour moi,Très important pour moi,Très important pour moi,,"Oui, un peu","Oui, un peu","Oui, un peu","Oui, un peu","Oui, tout à fait","Oui, tout à fait",Elle a toujours été épanouissante,,,,,,"Oui, tout à fait",Tout à fait d'accord,Plutôt d'accord,Tout à fait d'accord,Tout à fait d'accord,Tout à fait d'accord,Tout à fait d'accord,"Oui, tout à fait",,,,,,,,,,,,,,,,,,,,,,,,,,,,,,,,,,,,,,,,,,,,,,,,,,
118916517089,460233946,07/25/2025 03:19:19 PM,07/25/2025 03:24:55 PM,,,,,,Carquefou,Père,,Une famille nucléaireUne famille composée d'un couple de parents et leur(s) enfant(s),,Non,Entre 18 et 39 ans,Non,Accompagné(e) d'un ou plusieurs enfant(s),Employé(e),Vous habitez dans une maison dont vous êtes propriétaire ou locataire,,2,0,7 ans,3 ans,,,,,,,,,,,Ni l'un ni l'autre,,,Non,6 mois et plus (veuillez précisez le nombre de mois),48,4 fois,"Prendre du recul et une nouvelle perspective sur notre parentalité entre notre comportement et celui de nos enfants, trouver du sens ou une autre approche face a des difficultés que nous n'arrivons pas à résoudre en interne",Bon,,,,,,Le fait de ne pas savoir à qui s’adresser,,Neutre,Important pour moi,Très important pour moi,Très important pour moi,Neutre,Neutre,Important pour moi,Important pour moi,Important pour moi,Important pour moi,,"Oui, tout à fait","Oui, tout à fait","Oui, tout à fait","Oui, un peu","Oui, un peu","Oui, tout à fait",,,,Elle est maintenant apaisée,,,"Oui, tout à fait",Plutôt d'accord,Plutôt d'accord,Tout à fait d'accord,Tout à fait d'accord,Tout à fait d'accord,Tout à fait d'accord,"Oui, plutôt",Rarement,Ni d'accord ni pas d'accord,"Oui, tout à fait",Plutôt d'accord,Plutôt d'accord,Oui,Merci pour ce que vous faites et proposez aux familles,,,,,,,,,,,,,,,,,,,,,,,,,,,,,,,,,,,,,,,,,,,
118906188271,460233946,07/10/2025 10:49:58 AM,07/10/2025 10:56:41 AM,,,,,,Nantes,Mère,,Une famille nucléaireUne famille composée d'un couple de parents et leur(s) enfant(s),,Non,Entre 18 et 39 ans,Non,Accompagné(e) d'un ou plusieurs enfant(s),Employé(e),Vous habitez dans un appartement dont vous êtes propriétaire ou locataire,,1,0,2 ans,,,,,,,,,,,,,Contacté l'antenne pour obtenir des informations pratiques,,Oui,,,,,,,,,,,,,,,,,,,,,,,,,,,,,,,,,,,,,,,,,,,,,,,,,,,,Bon,Le prix de la consultation,,,La difficulté à avoir un rendez-vous avec un de ces professionnels,,Le fait de ne pas savoir à qui s’adresser,,Important pour moi,Important pour moi,Important pour moi,Important pour moi,Important pour moi,Important pour moi,Important pour moi,Important pour moi,Important pour moi,Important pour moi,,"Oui, tout à fait","Oui, tout à fait","Oui, un peu","Oui, un peu","Oui, un peu","Oui, plutôt",,Elle est conflictuelle,,,,,"Oui, plutôt",Plutôt d'accord,Ni d'accord ni pas d'accord,Plutôt d'accord,Plutôt d'accord,Plutôt d'accord,Parfois,Ni d'accord ni pas d'accord,Plutôt d'accord,Plutôt d'accord,Je remercie l’équipe d’avoir été à l’écoute sans jugement et de bon conseil.
118900870128,460233946,07/02/2025 11:32:00 AM,07/02/2025 11:43:28 AM,,,,,,Carquefou,Père,,Une famille nucléaireUne famille composée d'un couple de parents et leur(s) enfant(s),,Non,Plus de 50 ans,Non,Sans enfant,Employé(e),Vous habitez dans une maison dont vous êtes propriétaire ou locataire,,1,0,15 ans,,,,,,,,,,,,Ni l'un ni l'autre,,,Non,Entre 3 mois et 6 mois,,4 fois,,Moyen,,,,La difficulté à avoir un rendez-vous avec un de ces professionnels,,,,Important pour moi,Très important pour moi,Très important pour moi,Important pour moi,Très important pour moi,Très important pour moi,Très important pour moi,Très important pour moi,Très important pour moi,Très important pour moi,,"Oui, tout à fait","Oui, un peu","Oui, un peu","Oui, un peu","Oui, tout à fait","Oui, tout à fait",,Elle est conflictuelle,Elle peut être violente,,,,"Non, pas du tout",Plutôt d'accord,Ni d'accord ni pas d'accord,Plutôt d'accord,Plutôt pas d'accord,Plutôt pas d'accord,Pas du tout d'accord,"Oui, plutôt",Très souvent,Ni d'accord ni pas d'accord,"Oui, tout à fait",Plutôt pas d'accord,Pas du tout d'accord,Oui,L’accueil et l'écoute à Carquefou est remarquable.,,,,,,,,,,,,,,,,,,,,,,,,,,,,,,,,,,,,,,,,,,,
118900867740,460233946,07/02/2025 11:27:00 AM,07/02/2025 11:41:25 AM,,,,,,Paris - Gare de l'Est,Père,,Une famille nucléaireUne famille composée d'un couple de parents et leur(s) enfant(s),,Non,Entre 40 et 49 ans,Non,Accompagné(e) d'un ou plusieurs enfant(s),"Cadre, profession intellectuelle supérieure",Vous habitez dans une maison dont vous êtes propriétaire ou locataire,,3,0,10 ans,4 ans,2 ans,,,,,,,,,,,,"Contacté le ""Fil des Pâtes au Beurre"", et obtenu une consultation clinique téléphonique",Oui,,,,,,,,,,,,,,,,,,,,,,,,,,,,,,,,,,,,,,,,,,,,,,,,,,,Problème de comportement de mon 1er enfant,Très bon,,,,,Le manque d’information sur ce que font ces professionnels,,,Très important pour moi,Très important pour moi,Très important pour moi,Très important pour moi,Très important pour moi,Pas très important pour moi,Important pour moi,Très important pour moi,Très important pour moi,Très important pour moi,,"Oui, tout à fait","Oui, tout à fait","Oui, tout à fait","Oui, tout à fait","Oui, tout à fait","Oui, tout à fait",,Elle est conflictuelle,,,,,"Non, pas du tout",Tout à fait d'accord,Plutôt pas d'accord,Pas du tout d'accord,Ni d'accord ni pas d'accord,Pas du tout d'accord,Très souvent,Plutôt pas d'accord,Plutôt d'accord,Plutôt d'accord,"Excellente équipe  Venant au rendez-vous, je ne savais pas ce que je pouvais apprendre mais à la fin du rendez-vous je suis sorti content  Je pense avoir trouvé le moyen d’améliorer la relation avec mon enfant : le jeu"
118898244136,460233946,06/28/2025 08:38:51 PM,06/28/2025 08:43:08 PM,,,,,,Vannes,Mère,,Une famille nucléaireUne famille composée d'un couple de parents et leur(s) enfant(s),,Non,Entre 18 et 39 ans,Non,Accompagné(e) d'un ou plusieurs enfant(s),Employé(e),Vous habitez dans une maison dont vous êtes propriétaire ou locataire,,1,0,3 ans,,,,,,,,,,,,Ni l'un ni l'autre,,,Oui,,,,,,,,,,,,,,,,,,,,,,,,,,,,,,,,,,,,,,,,,,,,,,,,,,,,Bon,Le prix de la consultation,,,,,Le fait de ne pas savoir à qui s’adresser,,Important pour moi,Important pour moi,Très important pour moi,Très important pour moi,Important pour moi,Très important pour moi,Très important pour moi,Très important pour moi,Très important pour moi,Très important pour moi,,"Oui, un peu",Non,"Oui, un peu",Non,Non,Ni oui ni non,Elle a toujours été épanouissante,Elle est conflictuelle,,,,,"Oui, plutôt",Plutôt d'accord,Tout à fait d'accord,Plutôt d'accord,Ni d'accord ni pas d'accord,Plutôt d'accord,Très souvent,Tout à fait d'accord,Plutôt d'accord,Ni d'accord ni pas d'accord,
118897765270,460233946,06/27/2025 10:20:53 PM,06/27/2025 10:28:31 PM,,,,,,Auray,Mère,,Une famille recomposée,,Non,Entre 40 et 49 ans,Non,Sans enfant,Profession intermédiaire,Vous habitez dans une maison dont vous êtes propriétaire ou locataire,,1,0,13 ans,,,,,,,,,,,,Ni l'un ni l'autre,,,Oui,,,,,,,,,,,,,,,,,,,,,,,,,,,,,,,,,,,,,,,,,,,,,,,,,,,Difficultés avec mon adolescente après un geste violent de sa part ,Bon,,,,,,Le fait de ne pas savoir à qui s’adresser,,Important pour moi,Très important pour moi,Neutre,Important pour moi,Important pour moi,Important pour moi,Important pour moi,Important pour moi,Important pour moi,Très important pour moi,,"Oui, tout à fait","Oui, un peu","Oui, un peu","Oui, tout à fait","Oui, un peu","Oui, plutôt",,Elle est conflictuelle,,,,,"Oui, plutôt",Ni d'accord ni pas d'accord,Ni d'accord ni pas d'accord,Ni d'accord ni pas d'accord,Ni d'accord ni pas d'accord,Ni d'accord ni pas d'accord,Parfois,Plutôt d'accord,Ni d'accord ni pas d'accord,Plutôt pas d'accord,Merci d’être présent à Auray 
118897065423,460233946,06/27/2025 12:41:19 AM,06/27/2025 12:46:48 AM,,,,,,Blois,Mère,,Une famille séparée,,Non,Entre 40 et 49 ans,Non,Sans enfant,Profession intermédiaire,Vous habitez dans une maison dont vous êtes propriétaire ou locataire,,1,0,4 ans,,,,,,,,,,,,Ni l'un ni l'autre,,,Non,Entre 3 mois et 6 mois,,2 fois,J’étais désespérée ,Moyen,Le prix de la consultation,,,,,,,Neutre,Important pour moi,Très important pour moi,Très important pour moi,Important pour moi,Important pour moi,Très important pour moi,Important pour moi,Très important pour moi,Important pour moi,,"Oui, tout à fait","Oui, tout à fait","Oui, tout à fait","Oui, tout à fait","Oui, tout à fait","Oui, tout à fait",,,,,,J’ai peur que cela change en le voyant grandir et aller chez son pere. Peur de le perdre. ,"Oui, plutôt",Tout à fait d'accord,Plutôt d'accord,Plutôt d'accord,Plutôt d'accord,Plutôt d'accord,Ni d'accord ni pas d'accord,"Oui, plutôt",Très souvent,Tout à fait d'accord,"Oui, tout à fait",Pas du tout d'accord,Pas du tout d'accord,Oui,C’est exceptionnel et rare ce qui se passe lors d’un accueil. Merci ,,,,,,,,,,,,,,,,,,,,,,,,,,,,,,,,,,,,,,,,,,,
118896869647,460233946,06/26/2025 08:00:44 PM,06/26/2025 08:09:45 PM,,,,,,Muzillac,Père,,Une famille nucléaireUne famille composée d'un couple de parents et leur(s) enfant(s),,Non,Entre 40 et 49 ans,Non,Accompagné(e) d'un ou plusieurs enfant(s),Employé(e),Vous habitez dans une maison dont vous êtes propriétaire ou locataire,,1,0,8 ans,,,,,,,,,,,,Ni l'un ni l'autre,,,Non,6 mois et plus (veuillez précisez le nombre de mois),36,5 fois ou plus,Gestion de l'échec difficile ,Bon,,,,,Le manque d’information sur ce que font ces professionnels,Le fait de ne pas savoir à qui s’adresser,"La difficulté de me confier, la peur de ce que je peux découvrir sur moi",Pas très important pour moi,Très important pour moi,Important pour moi,Important pour moi,Important pour moi,Très important pour moi,Très important pour moi,Très important pour moi,Très important pour moi,Important pour moi,,"Oui, tout à fait","Oui, un peu","Oui, un peu","Oui, un peu","Oui, un peu","Oui, plutôt",,Elle est conflictuelle,,Elle est maintenant apaisée,Je ne comprends pas mon enfant,,"Oui, plutôt",Ni d'accord ni pas d'accord,Plutôt d'accord,Plutôt d'accord,Plutôt d'accord,Tout à fait d'accord,Plutôt pas d'accord,"Non, plutôt pas",Parfois,Ni d'accord ni pas d'accord,"Oui, plutôt",Plutôt pas d'accord,Plutôt pas d'accord,Oui,Merci pour votre accueil.,,,,,,,,,,,,,,,,,,,,,,,,,,,,,,,,,,,,,,,,,,,
118896813429,460233946,06/26/2025 06:53:34 PM,06/26/2025 06:57:27 PM,,,,,,Muzillac,Autre (veuillez préciser),Grand parents,Autre (veuillez préciser),Grand parents accueillant leur petit fils,Oui,Plus de 50 ans,Non,Sans enfant,"Cadre, profession intellectuelle supérieure",Vous habitez dans une maison dont vous êtes propriétaire ou locataire,,,,,,,,,,,,,,,,,,,,,,,,,,,,,,,,,,,,,,,,,,,,,,,,,,,,,,,,,,,,,,,,,,,,,,,,,,,,,,,,,,,,,,,,,,,,,,,,,,,,,,,,,,,,,,,,
118892967346,460233946,06/21/2025 11:55:53 AM,06/21/2025 12:00:52 PM,,,,,,Carquefou,Père,,Une famille nucléaireUne famille composée d'un couple de parents et leur(s) enfant(s),,Non,Plus de 50 ans,Non,Sans enfant,Employé(e),Vous habitez dans une maison dont vous êtes propriétaire ou locataire,,1,0,15 ans,,,,,,,,,,,,Ni l'un ni l'autre,,,Non,Entre 3 mois et 6 mois,,4 fois,,Moyen,,,,La difficulté à avoir un rendez-vous avec un de ces professionnels,,,,Neutre,Très important pour moi,Très important pour moi,Important pour moi,Très important pour moi,Très important pour moi,Neutre,Important pour moi,Très important pour moi,Très important pour moi,,"Oui, tout à fait","Oui, un peu","Oui, tout à fait","Oui, un peu","Oui, tout à fait","Oui, tout à fait",,,,,,,,,,,,,,,,,,,,,,,,,,,,,,,,,,,,,,,,,,,,,,,,,,,,,,,,,,,,,,,,
118892626654,460233946,06/20/2025 08:46:05 PM,06/20/2025 08:56:44 PM,,,,,,Clermont-Ferrand,Père,,Une famille nucléaireUne famille composée d'un couple de parents et leur(s) enfant(s),,Non,Entre 40 et 49 ans,Non,Accompagné(e) d'un ou plusieurs enfant(s),Employé(e),Vous habitez dans un appartement dont vous êtes propriétaire ou locataire,,1,0,2 ans,,,,,,,,,,,,Ni l'un ni l'autre,,,Oui,,,,,,,,,,,,,,,,,,,,,,,,,,,,,,,,,,,,,,,,,,,,,,,,,,,Conseils relation ,Bon,Le prix de la consultation,L’image de ces professionnels,,,,,,Neutre,Très important pour moi,Très important pour moi,Très important pour moi,Très important pour moi,Très important pour moi,Important pour moi,Très important pour moi,Très important pour moi,Très important pour moi,,"Oui, tout à fait","Oui, un peu","Oui, tout à fait","Oui, un peu",Non,"Oui, plutôt",Elle a toujours été épanouissante,,,,,,"Oui, tout à fait",Plutôt d'accord,Tout à fait d'accord,Tout à fait d'accord,Plutôt d'accord,Plutôt d'accord,Parfois,Ni d'accord ni pas d'accord,Plutôt d'accord,Ni d'accord ni pas d'accord,
118892536212,460233946,06/20/2025 06:45:27 PM,06/20/2025 06:52:27 PM,,,,,,Carquefou,Mère,,Une famille nucléaireUne famille composée d'un couple de parents et leur(s) enfant(s),,Non,Entre 40 et 49 ans,Non,Sans enfant,Profession intermédiaire,Vous habitez dans une maison dont vous êtes propriétaire ou locataire,,2,1,19 ans,16 ans,12 ans,,,,,,,,,,,,"Contacté le ""Fil des Pâtes au Beurre"", et obtenu une consultation clinique téléphonique",Oui,,,,,,,,,,,,,,,,,,,,,,,,,,,,,,,,,,,,,,,,,,,,,,,,,,,Problème relationnel avec notre fils,Moyen,,,,,Le manque d’information sur ce que font ces professionnels,Le fait de ne pas savoir à qui s’adresser,,Neutre,Très important pour moi,Très important pour moi,Important pour moi,Important pour moi,Important pour moi,Important pour moi,Important pour moi,Très important pour moi,Très important pour moi,,"Oui, tout à fait","Oui, tout à fait","Oui, tout à fait","Oui, tout à fait","Oui, tout à fait","Oui, tout à fait",,,Elle peut être violente,,,,"Non, plutôt pas",Pas du tout d'accord,Tout à fait d'accord,Plutôt pas d'accord,Plutôt pas d'accord,Pas du tout d'accord,Souvent,Plutôt d'accord,Plutôt d'accord,Plutôt pas d'accord,Merci beaucoup pour l'accueil.
118891896344,460233946,06/19/2025 09:37:01 PM,06/19/2025 09:43:20 PM,,,,,,Muzillac,Mère,,Une famille nucléaireUne famille composée d'un couple de parents et leur(s) enfant(s),,Non,Entre 40 et 49 ans,Non,Sans enfant,Employé(e),Vous habitez dans une maison dont vous êtes propriétaire ou locataire,,3,0,13 ans,10 ans,10 ans,,,,,,,,,,,Contacté l'antenne pour obtenir des informations pratiques,,Oui,,,,,,,,,,,,,,,,,,,,,,,,,,,,,,,,,,,,,,,,,,,,,,,,,,,,Bon,Le prix de la consultation,,,,,,,Neutre,Très important pour moi,Important pour moi,Très important pour moi,Très important pour moi,Très important pour moi,Très important pour moi,Important pour moi,Important pour moi,Pas très important pour moi,,"Oui, tout à fait","Oui, un peu",Non,"Oui, tout à fait","Oui, tout à fait","Oui, plutôt",Elle a toujours été épanouissante,,,,,,"Oui, plutôt",Plutôt d'accord,Plutôt d'accord,Ni d'accord ni pas d'accord,Ni d'accord ni pas d'accord,Tout à fait d'accord,Rarement,Pas du tout d'accord,Plutôt pas d'accord,Ni d'accord ni pas d'accord,
118888843108,460233946,06/16/2025 01:17:57 PM,06/16/2025 01:32:57 PM,,,,,,Auray,Père,,Une famille nucléaireUne famille composée d'un couple de parents et leur(s) enfant(s),,Non,Plus de 50 ans,Non,Sans enfant,"Artisan(e), commerçant(e), chef·fe d'entreprise",Vous habitez dans une maison dont vous êtes propriétaire ou locataire,,1,1,16 ans,20 ans,,,,,,,,,,,,,"Contacté le ""Fil des Pâtes au Beurre"", et obtenu une consultation clinique téléphonique",Oui,,,,,,,,,,,,,,,,,,,,,,,,,,,,,,,,,,,,,,,,,,,,,,,,,,,Gros soucis avec notre fille de 20 ans en dépression ,Moyen,,,La peur que l’entourage apprenne que je consulte ce professionnel,,,,"La difficulté de me confier, la peur de ce que je peux découvrir sur moi",Neutre,Très important pour moi,Très important pour moi,Très important pour moi,Très important pour moi,Très important pour moi,Très important pour moi,Très important pour moi,Très important pour moi,Très important pour moi,,"Oui, tout à fait","Oui, un peu",Non,"Oui, un peu",Non,"Oui, tout à fait",,Elle est conflictuelle,,,Je ne comprends pas mon enfant,,"Non, pas du tout",Plutôt d'accord,Ni d'accord ni pas d'accord,Plutôt d'accord,Plutôt pas d'accord,Plutôt pas d'accord,Très souvent,Ni d'accord ni pas d'accord,Plutôt d'accord,Ni d'accord ni pas d'accord,Les pâtes au beurre est une absolue nécessité pour des parents en détresse. 
118888459611,460233946,06/15/2025 07:15:12 PM,06/15/2025 07:45:59 PM,,,,,,Buxerolles (Poitiers),Père,,Une famille séparée,,Non,Entre 40 et 49 ans,Non,Sans enfant,Ouvrier·ère,Vous habitez dans une maison dont vous êtes propriétaire ou locataire,,2,0,14 ans,12 ans,,,,,,,,,,,Ni l'un ni l'autre,,,Oui,,,,,,,,,,,,,,,,,,,,,,,,,,,,,,,,,,,,,,,,,,,,,,,,,,,"Suite à la séparation avec la maman. Je suis le papa et les relations avec mes enfants sont difficiles, c'est la raison pour laquelle, je suis venu. Je voie mes enfants, mais nous avons du mal à communiquer, quand ils sont avec moi. ",Moyen,Le prix de la consultation,,,,,Le fait de ne pas savoir à qui s’adresser,"La difficulté de me confier, la peur de ce que je peux découvrir sur moi",Neutre,Très important pour moi,Important pour moi,Important pour moi,Important pour moi,Important pour moi,Très important pour moi,Important pour moi,Important pour moi,Très important pour moi,,"Oui, tout à fait","Oui, tout à fait","Oui, tout à fait","Oui, un peu","Oui, un peu",Ni oui ni non,,Elle est conflictuelle,,,,,"Non, plutôt pas",Ni d'accord ni pas d'accord,Plutôt d'accord,Ni d'accord ni pas d'accord,Plutôt pas d'accord,Pas du tout d'accord,Souvent,Tout à fait d'accord,Tout à fait d'accord,Plutôt d'accord,
118887112784,460233946,06/13/2025 11:26:12 AM,06/13/2025 11:42:42 AM,,,,,,Clermont-Ferrand,Mère,,Une famille nucléaireUne famille composée d'un couple de parents et leur(s) enfant(s),,Non,Entre 40 et 49 ans,Non,Sans enfant,"Cadre, profession intellectuelle supérieure",Vous habitez dans une maison dont vous êtes propriétaire ou locataire,,2,0,4 ans,2 ans,,,,,,,,,,,Ni l'un ni l'autre,,,Non,6 mois et plus (veuillez précisez le nombre de mois),24,2 fois,Mon fils de 4 ans me tape et me crie dessus le matin pour ne pas se lever ,Bon,,L’image de ces professionnels,,La difficulté à avoir un rendez-vous avec un de ces professionnels,,,,Neutre,Important pour moi,Important pour moi,Important pour moi,Neutre,Neutre,Important pour moi,Très important pour moi,Très important pour moi,Très important pour moi,,"Oui, tout à fait","Oui, un peu","Oui, un peu","Oui, un peu","Oui, tout à fait","Oui, plutôt",Elle a toujours été épanouissante,,,,,,"Oui, tout à fait",Ni d'accord ni pas d'accord,Plutôt d'accord,Tout à fait d'accord,Plutôt d'accord,Ni d'accord ni pas d'accord,Plutôt d'accord,"Non, plutôt pas",Rarement,Plutôt pas d'accord,"Oui, plutôt",Plutôt d'accord,Plutôt d'accord,Oui,"A la question du pourquoi ne pas rencontrer une professionnelle en consultation, il manque des réponses possibles : je suis pas organisée et le fait de prendre rendez-vous me coute beaucoup. Il faut telephoner a l’avance, decider a l’avance d’un créneau sans savoir si ce jour là il n’y aura pas autre chose prioritaire… même avant la naissance de mes enfants c’était difficile, maintenant le temps et la disponibilité me manquent en plus. Le fait qu’on peut arriver aux pates aux beurres à n’importe quelle heure de la matinée, sans rdv, c’est inestimable. Par ailleurs, le fait d’avoir 2 professionnelles et d’autres mamans ( malheureusement les papas ne viennent pas apparemment) c’est plus confortable pour moi que avec une professionnelle dont je mettrais les compétences en doute alors que je crois a l’intelligence collective. Et puis c’est du coup un groupe de soutien spontané et c’est réconfortant ",,,,,,,,,,,,,,,,,,,,,,,,,,,,,,,,,,,,,,,,,,,
118886608772,460233946,06/12/2025 08:07:26 PM,06/12/2025 11:01:16 PM,,,,,,Muzillac,Mère,,Une famille nucléaireUne famille composée d'un couple de parents et leur(s) enfant(s),,Oui,Entre 40 et 49 ans,Non,Accompagné(e) d'un ou plusieurs enfant(s),Profession intermédiaire,Vous habitez dans une maison dont vous êtes propriétaire ou locataire,,2,0,12 ans,5 ans,,,,,,,,,,,Ni l'un ni l'autre,,,Non,Entre 1 mois et 3 mois,,5 fois ou plus,Trouver un espace d’écoute qui permet d’engager le dialogue avec mon fils,Bon,,,,La difficulté à avoir un rendez-vous avec un de ces professionnels,,,,Très important pour moi,Très important pour moi,Très important pour moi,Très important pour moi,Très important pour moi,Très important pour moi,Très important pour moi,Très important pour moi,Très important pour moi,Très important pour moi,,"Oui, tout à fait","Oui, tout à fait","Oui, tout à fait","Oui, tout à fait","Oui, tout à fait","Oui, tout à fait",,,,,,J’apprends à le connaître en abordant des sujets personnels avec lui qui m’étaient inaccessibles avant,"Oui, plutôt",Tout à fait d'accord,Plutôt d'accord,Tout à fait d'accord,Ni d'accord ni pas d'accord,Tout à fait d'accord,Tout à fait d'accord,"Oui, tout à fait",Souvent,Plutôt d'accord,"Oui, tout à fait",Ni d'accord ni pas d'accord,Plutôt pas d'accord,Oui,Merci d’avoir pris le temps de nous accueillir et de nous offrir un espace d’expression et de partage chaque semaine,,,,,,,,,,,,,,,,,,,,,,,,,,,,,,,,,,,,,,,,,,,
118883722058,460233946,06/09/2025 04:59:16 PM,06/09/2025 05:01:01 PM,,,,,,Vannes,Mère,,Une famille séparée,,Non,Entre 18 et 39 ans,Non,Accompagné(e) d'un ou plusieurs enfant(s),Employé(e),Vous habitez dans un appartement dont vous êtes propriétaire ou locataire,,1,0,4 ans,,,,,,,,,,,,Ni l'un ni l'autre,,,Oui,,,,,,,,,,,,,,,,,,,,,,,,,,,,,,,,,,,,,,,,,,,,,,,,,,,,,,,,,,,,,,,,,,,,,,,,,,,,,,,,,,,,,,,,,,,,,
118882829126,460233946,06/07/2025 09:32:42 PM,06/07/2025 09:37:12 PM,,,,,,Clermont-Ferrand,Mère,,Une famille nucléaireUne famille composée d'un couple de parents et leur(s) enfant(s),,Non,Entre 18 et 39 ans,Non,Accompagné(e) d'un ou plusieurs enfant(s),Employé(e),Vous habitez dans un appartement dont vous êtes propriétaire ou locataire,,1,0,1 an,,,,,,,,,,,,Ni l'un ni l'autre,,,Oui,,,,,,,,,,,,,,,,,,,,,,,,,,,,,,,,,,,,,,,,,,,,,,,,,,,Par hasard lors de ma venue à 1000 formes,Bon,Le prix de la consultation,,,,Le manque d’information sur ce que font ces professionnels,,"La difficulté de me confier, la peur de ce que je peux découvrir sur moi",Important pour moi,Très important pour moi,Très important pour moi,Très important pour moi,Très important pour moi,Très important pour moi,Très important pour moi,Important pour moi,Très important pour moi,Très important pour moi,,"Oui, tout à fait","Oui, tout à fait","Oui, tout à fait","Oui, un peu","Oui, un peu",Ni oui ni non,Elle a toujours été épanouissante,,,,,,"Oui, plutôt",Plutôt pas d'accord,Ni d'accord ni pas d'accord,Plutôt d'accord,Ni d'accord ni pas d'accord,Ni d'accord ni pas d'accord,Parfois,Plutôt d'accord,Plutôt d'accord,Ni d'accord ni pas d'accord,
118881849607,460233946,06/06/2025 11:57:27 AM,06/06/2025 12:02:53 PM,,,,,,Clermont-Ferrand,Mère,,Une famille nucléaireUne famille composée d'un couple de parents et leur(s) enfant(s),,Non,Entre 18 et 39 ans,Non,Accompagné(e) d'un ou plusieurs enfant(s),Employé(e),Vous habitez dans un appartement dont vous êtes propriétaire ou locataire,,1,0,1 an,,,,,,,,,,,,Ni l'un ni l'autre,,,Oui,,,,,,,,,,,,,,,,,,,,,,,,,,,,,,,,,,,,,,,,,,,,,,,,,,,C'était par hasard ils étaient présents à la structure Mille formes ,Bon,Le prix de la consultation,,,,,,,Très important pour moi,Très important pour moi,Très important pour moi,Très important pour moi,Très important pour moi,Très important pour moi,Très important pour moi,Très important pour moi,Très important pour moi,Très important pour moi,,"Oui, tout à fait","Oui, tout à fait","Oui, tout à fait","Oui, tout à fait","Oui, tout à fait","Oui, tout à fait",Elle a toujours été épanouissante,,,,,,"Oui, plutôt",Plutôt d'accord,Plutôt d'accord,Plutôt d'accord,Plutôt d'accord,Plutôt d'accord,Parfois,Ni d'accord ni pas d'accord,Plutôt d'accord,Plutôt d'accord,
118881329804,460233946,06/05/2025 06:47:24 PM,06/05/2025 07:32:15 PM,,,,,,Muzillac,Mère,,Une famille nucléaireUne famille composée d'un couple de parents et leur(s) enfant(s),,Non,Entre 40 et 49 ans,Non,Accompagné(e) d'un ou plusieurs enfant(s),Profession intermédiaire,Vous habitez dans une maison dont vous êtes propriétaire ou locataire,,2,0,12 ans,5 ans,,,,,,,,,,,Ni l'un ni l'autre,,,Non,Entre 1 mois et 3 mois,,3 fois,,Bon,,,,La difficulté à avoir un rendez-vous avec un de ces professionnels,,,,Important pour moi,Important pour moi,Important pour moi,Important pour moi,Très important pour moi,Important pour moi,Très important pour moi,Très important pour moi,Très important pour moi,Important pour moi,,"Oui, tout à fait","Oui, tout à fait","Oui, tout à fait","Oui, tout à fait","Oui, tout à fait","Oui, tout à fait",,Elle est conflictuelle,,,Je ne comprends pas mon enfant,J’ai peur  de mal faire en conseillant et en orientant ,"Oui, plutôt",Plutôt d'accord,Plutôt pas d'accord,Ni d'accord ni pas d'accord,Plutôt pas d'accord,Plutôt d'accord,Ni d'accord ni pas d'accord,"Oui, plutôt",Souvent,Plutôt d'accord,"Oui, plutôt",Plutôt pas d'accord,Plutôt pas d'accord,Oui,Merci !,,,,,,,,,,,,,,,,,,,,,,,,,,,,,,,,,,,,,,,,,,,
118880567911,460233946,06/04/2025 08:30:30 PM,06/04/2025 08:34:21 PM,,,,,,Vannes,Mère,,Une famille nucléaireUne famille composée d'un couple de parents et leur(s) enfant(s),,Non,Entre 18 et 39 ans,Non,Accompagné(e) d'un ou plusieurs enfant(s),"Cadre, profession intellectuelle supérieure",Vous habitez dans un appartement dont vous êtes propriétaire ou locataire,,1,0,2 ans,,,,,,,,,,,,,Contacté l'antenne pour obtenir des informations pratiques,,Oui,,,,,,,,,,,,,,,,,,,,,,,,,,,,,,,,,,,,,,,,,,,,,,,,,,,"Sommeil de mon enfant, frustration ",Moyen,Le prix de la consultation,,,La difficulté à avoir un rendez-vous avec un de ces professionnels,,Le fait de ne pas savoir à qui s’adresser,,Important pour moi,Très important pour moi,Important pour moi,Important pour moi,Très important pour moi,Important pour moi,Important pour moi,Important pour moi,Important pour moi,Important pour moi,,"Oui, tout à fait","Oui, tout à fait","Oui, un peu","Oui, un peu","Oui, tout à fait","Oui, plutôt",,,,Elle est maintenant apaisée,,,"Oui, plutôt",Plutôt d'accord,Plutôt d'accord,Plutôt d'accord,Ni d'accord ni pas d'accord,Ni d'accord ni pas d'accord,Parfois,Ni d'accord ni pas d'accord,Tout à fait d'accord,Plutôt d'accord,
118880450651,460233946,06/04/2025 06:17:56 PM,06/04/2025 07:15:41 PM,,,,,,Vannes,Mère,,Une famille nucléaireUne famille composée d'un couple de parents et leur(s) enfant(s),,Non,Entre 18 et 39 ans,Non,Sans enfant,Sans activité professionnelle,Vous habitez dans une maison dont vous êtes propriétaire ou locataire,,2,0,5 ans,4 ans,,,,,,,,,,,Ni l'un ni l'autre,,,Oui,,,,,,,,,,,,,,,,,,,,,,,,,,,,,,,,,,,,,,,,,,,,,,,,,,,La parentalité difficile ,Mauvais,Le prix de la consultation,,,,,,,Très important pour moi,Très important pour moi,Très important pour moi,Très important pour moi,Très important pour moi,Très important pour moi,Important pour moi,Important pour moi,Important pour moi,Important pour moi,,"Oui, tout à fait","Oui, un peu",Non,Non,Non,"Oui, plutôt",Elle a toujours été épanouissante,Elle est conflictuelle,,Elle est maintenant apaisée,Je ne comprends pas mon enfant,,"Oui, plutôt",Plutôt pas d'accord,Tout à fait d'accord,Plutôt d'accord,Ni d'accord ni pas d'accord,Plutôt d'accord,Très souvent,Tout à fait d'accord,Plutôt pas d'accord,Plutôt pas d'accord,
118879177747,460233946,06/03/2025 08:22:45 AM,06/03/2025 08:38:27 AM,,,,,,Blois,Père,,Une famille séparée,,Non,Entre 40 et 49 ans,Non,Sans enfant,"Cadre, profession intellectuelle supérieure",Vous habitez dans un appartement dont vous êtes propriétaire ou locataire,,1,0,15 ans,,,,,,,,,,,,Ni l'un ni l'autre,,,Oui,,,,,,,,,,,,,,,,,,,,,,,,,,,,,,,,,,,,,,,,,,,,,,,,,,,Besoin de soutien et de conseils car isolé,Mauvais,Le prix de la consultation,,,La difficulté à avoir un rendez-vous avec un de ces professionnels,,,,Très important pour moi,Très important pour moi,Très important pour moi,Très important pour moi,Très important pour moi,Très important pour moi,Très important pour moi,Très important pour moi,Très important pour moi,Très important pour moi,,"Oui, tout à fait","Oui, tout à fait","Oui, tout à fait","Oui, tout à fait","Oui, tout à fait","Oui, tout à fait",,,,,,"Distendue, générant de l'anxiété","Non, pas du tout",Plutôt pas d'accord,Plutôt d'accord,Plutôt d'accord,Plutôt d'accord,Plutôt d'accord,Très souvent,Plutôt pas d'accord,Pas du tout d'accord,Plutôt pas d'accord,"Merci à vous. Je suis reconaissant de ce que vous faites. Avoir pu me confier auprès d'elles et d'avoir eu le sentiment d'être écouté et pris en considération m'a permis de trouver du réconfort et de mettre en perspective mon histoire. J'ai même pu trouver des ébauches de réponses à mes difficultés. Je me suis senti mieux après, malgré mon état de détresse actuel.  Bref, merci ^^"
118873782700,460233946,05/26/2025 08:54:19 PM,05/26/2025 09:00:40 PM,,,,,,Blois,Mère,,Une famille séparée,,Non,Entre 18 et 39 ans,Non,Accompagné(e) d'un ou plusieurs enfant(s),"Cadre, profession intellectuelle supérieure",Vous habitez dans un appartement dont vous êtes propriétaire ou locataire,,2,0,3 ans,5 ans,,,,,,,,,,,Ni l'un ni l'autre,,,Non,Entre 3 mois et 6 mois,,2 fois,"Accompagner, difficultés dans la parentalité ",Moyen,Le prix de la consultation,,,La difficulté à avoir un rendez-vous avec un de ces professionnels,,,,Neutre,Important pour moi,Très important pour moi,Important pour moi,Important pour moi,Important pour moi,Neutre,Important pour moi,Très important pour moi,Important pour moi,,"Oui, tout à fait","Oui, tout à fait","Oui, tout à fait","Oui, un peu","Oui, un peu","Oui, plutôt",,,,Elle est maintenant apaisée,,,"Oui, plutôt",Ni d'accord ni pas d'accord,Plutôt d'accord,Plutôt d'accord,Plutôt d'accord,Plutôt d'accord,Plutôt d'accord,"Oui, plutôt",Souvent,Tout à fait d'accord,"Oui, plutôt",Plutôt pas d'accord,Ni d'accord ni pas d'accord,Non,,,,,,,,,,,,,,,,,,,,,,,,,,,,,,,,,,,,,,,,,,,,
118873754558,460233946,05/26/2025 08:02:44 PM,05/26/2025 08:08:02 PM,,,,,,Blois,Mère,,Une famille monoparentale,,Non,Entre 40 et 49 ans,Non,Sans enfant,Employé(e),Vous habitez dans une maison dont vous êtes propriétaire ou locataire,,1,0,5 ans,,,,,,,,,,,,Ni l'un ni l'autre,,,Oui,,,,,,,,,,,,,,,,,,,,,,,,,,,,,,,,,,,,,,,,,,,,,,,,,,,Besoin d échanger sur l éducation ,Moyen,Le prix de la consultation,,,,,,,Neutre,Important pour moi,Important pour moi,Important pour moi,Très important pour moi,Très important pour moi,Important pour moi,Important pour moi,Important pour moi,Important pour moi,,"Oui, tout à fait","Oui, un peu","Oui, un peu","Oui, tout à fait","Oui, tout à fait","Oui, tout à fait",,Elle est conflictuelle,Elle peut être violente,,,,"Non, plutôt pas",Plutôt d'accord,Plutôt d'accord,Ni d'accord ni pas d'accord,Plutôt d'accord,Plutôt d'accord,Souvent,Plutôt d'accord,Tout à fait d'accord,Plutôt d'accord,Merci pour votre écoute et vos mots rassurants 
118873728861,460233946,05/26/2025 06:18:41 PM,05/26/2025 07:24:55 PM,,,,,,Blois,Mère,,Une famille nucléaireUne famille composée d'un couple de parents et leur(s) enfant(s),,Non,Entre 40 et 49 ans,Oui,Sans enfant,"Cadre, profession intellectuelle supérieure",Vous habitez dans une maison dont vous êtes propriétaire ou locataire,,3,0,5 ans,15 ans,15 ans,,,,,,,,,,Ni l'un ni l'autre,,,Oui,,,,,,,,,,,,,,,,,,,,,,,,,,,,,,,,,,,,,,,,,,,,,,,,,,,Conflit avec mon fils,Bon,Le prix de la consultation,,,,,,,Pas très important pour moi,Très important pour moi,Important pour moi,Important pour moi,Important pour moi,Très important pour moi,Important pour moi,Important pour moi,Très important pour moi,Très important pour moi,,"Oui, tout à fait","Oui, tout à fait","Oui, tout à fait","Oui, tout à fait","Oui, un peu","Oui, plutôt",,Elle est conflictuelle,,,,,"Non, plutôt pas",Ni d'accord ni pas d'accord,Ni d'accord ni pas d'accord,Plutôt pas d'accord,Plutôt d'accord,Plutôt d'accord,Souvent,Plutôt d'accord,Plutôt d'accord,Plutôt d'accord,
118873547419,460233946,05/26/2025 02:23:01 PM,05/26/2025 02:33:55 PM,,,,,,Nantes,Mère,,Une famille recomposée,,Non,Entre 18 et 39 ans,Non,Sans enfant,Employé(e),Vous habitez dans une maison dont vous êtes propriétaire ou locataire,,5,0,13 ans,11 ans,8 ans,6 ans,1 an,,,,,,,,,Contacté l'antenne pour obtenir des informations pratiques,,Oui,,,,,,,,,,,,,,,,,,,,,,,,,,,,,,,,,,,,,,,,,,,,,,,,,,,Difficultés à vivre avec les ex,Bon,,,,,,Le fait de ne pas savoir à qui s’adresser,,Très important pour moi,Important pour moi,Très important pour moi,Très important pour moi,Important pour moi,Important pour moi,Très important pour moi,Important pour moi,Important pour moi,Très important pour moi,,"Oui, tout à fait","Oui, un peu","Oui, un peu","Oui, un peu","Oui, un peu","Oui, tout à fait",,,,,Je ne comprends pas mon enfant,,"Oui, plutôt",Tout à fait d'accord,Tout à fait d'accord,Tout à fait d'accord,Ni d'accord ni pas d'accord,Tout à fait d'accord,Parfois,Plutôt d'accord,Plutôt pas d'accord,Pas du tout d'accord,
118873013254,460233946,05/25/2025 11:31:09 AM,05/25/2025 11:42:22 AM,,,,,,Blois,Mère,,Une famille nucléaireUne famille composée d'un couple de parents et leur(s) enfant(s),,Non,Entre 18 et 39 ans,Non,Accompagné(e) d'un ou plusieurs enfant(s),"Cadre, profession intellectuelle supérieure",Vous habitez dans une maison dont vous êtes propriétaire ou locataire,,1,0,3 ans,,,,,,,,,,,,Ni l'un ni l'autre,,,Non,6 mois et plus (veuillez précisez le nombre de mois),24 mois,2 fois,Épuisement familial ,Moyen,,,,,,,"La difficulté de me confier, la peur de ce que je peux découvrir sur moi",Neutre,Très important pour moi,Très important pour moi,Très important pour moi,Très important pour moi,Très important pour moi,Très important pour moi,Très important pour moi,Très important pour moi,Très important pour moi,"Association au top... Ça résoud pas tout, mais ça fait beaucoup de bien !","Oui, tout à fait","Oui, un peu","Oui, un peu","Oui, tout à fait","Oui, tout à fait","Oui, tout à fait",,Elle est conflictuelle,Elle peut être violente,,,,"Oui, tout à fait",Plutôt d'accord,Ni d'accord ni pas d'accord,Ni d'accord ni pas d'accord,Plutôt pas d'accord,Plutôt pas d'accord,Ni d'accord ni pas d'accord,"Non, plutôt pas",Parfois,Plutôt d'accord,"Oui, plutôt",Ni d'accord ni pas d'accord,Ni d'accord ni pas d'accord,Oui,Bravo continuez ce que vous faites !!,,,,,,,,,,,,,,,,,,,,,,,,,,,,,,,,,,,,,,,,,,,
118872963893,460233946,05/25/2025 08:00:31 AM,05/25/2025 08:03:52 AM,,,,,,Auray,Mère,,Une famille recomposée,,Non,Entre 18 et 39 ans,Non,Accompagné(e) d'un ou plusieurs enfant(s),Employé(e),Vous habitez dans une maison dont vous êtes propriétaire ou locataire,,2,0,12 ans,11 ans,,,,,,,,,,,Ni l'un ni l'autre,,,Oui,,,,,,,,,,,,,,,,,,,,,,,,,,,,,,,,,,,,,,,,,,,,,,,,,,,Abandon de mon fils par son père biologique,Très bon,Le prix de la consultation,,,,,Le fait de ne pas savoir à qui s’adresser,"La difficulté de me confier, la peur de ce que je peux découvrir sur moi",Très important pour moi,Très important pour moi,Neutre,Très important pour moi,Neutre,Important pour moi,Très important pour moi,Très important pour moi,Très important pour moi,Très important pour moi,,"Oui, tout à fait","Oui, tout à fait","Oui, tout à fait","Oui, un peu","Oui, un peu","Oui, tout à fait",Elle a toujours été épanouissante,,,,,,"Oui, tout à fait",Tout à fait d'accord,Plutôt d'accord,Tout à fait d'accord,Tout à fait d'accord,Tout à fait d'accord,Rarement,Plutôt d'accord,Plutôt d'accord,Plutôt d'accord,
118872582956,460233946,05/24/2025 09:54:14 AM,05/24/2025 10:04:30 AM,,,,,,Carquefou,Père,,Une famille nucléaireUne famille composée d'un couple de parents et leur(s) enfant(s),,Non,Entre 40 et 49 ans,Non,Sans enfant,Employé(e),Vous habitez dans une maison dont vous êtes propriétaire ou locataire,,1,0,14 ans,,,,,,,,,,,,,Contacté l'antenne pour obtenir des informations pratiques,,Non,Moins d'un mois,,4 fois,Besoin de parler de l'avancée de la situation de notre famille ,Moyen,Le prix de la consultation,,,,,Le fait de ne pas savoir à qui s’adresser,,Très important pour moi,Important pour moi,Très important pour moi,Important pour moi,Très important pour moi,Important pour moi,Très important pour moi,Très important pour moi,Très important pour moi,Très important pour moi,,"Oui, un peu","Oui, un peu","Oui, tout à fait","Oui, un peu","Oui, un peu","Oui, tout à fait",,Elle est conflictuelle,Elle peut être violente,,Je ne comprends pas mon enfant,,"Non, plutôt pas",Ni d'accord ni pas d'accord,Plutôt pas d'accord,Plutôt d'accord,Plutôt pas d'accord,Ni d'accord ni pas d'accord,Pas du tout d'accord,"Oui, plutôt",Très souvent,Plutôt pas d'accord,"Oui, plutôt",Plutôt d'accord,Plutôt d'accord,Oui,Merci pour votre écoute. Et la petite phrase qui me permet de prendre conscience que je suis sur la bonne voie pour retrouver de la sérénité au sein du foyer. ,,,,,,,,,,,,,,,,,,,,,,,,,,,,,,,,,,,,,,,,,,,
118872418845,460233946,05/24/2025 12:10:32 AM,05/24/2025 12:23:42 AM,,,,,,Carquefou,Mère,,Une famille nucléaireUne famille composée d'un couple de parents et leur(s) enfant(s),,Non,Plus de 50 ans,Non,Sans enfant,Sans activité professionnelle,Vous habitez dans une maison dont vous êtes propriétaire ou locataire,,1,0,14 ans,,,,,,,,,,,,,Contacté l'antenne pour obtenir des informations pratiques,,Non,Entre 1 mois et 3 mois,,4 fois,Situation difficile avec notre fils de 14ans qui a un comportement tyrannique ,Mauvais,,,,,,Le fait de ne pas savoir à qui s’adresser,,Très important pour moi,Très important pour moi,Très important pour moi,Très important pour moi,Très important pour moi,Neutre,Très important pour moi,Très important pour moi,Très important pour moi,Très important pour moi,La compétence et la bienveillance des deux psychologues accueillants : ils sont formidables ,"Oui, tout à fait","Oui, tout à fait","Oui, tout à fait","Oui, tout à fait","Oui, tout à fait","Oui, tout à fait",,Elle est conflictuelle,Elle peut être violente,,,,"Oui, plutôt",Plutôt d'accord,Plutôt d'accord,Tout à fait d'accord,Plutôt d'accord,Ni d'accord ni pas d'accord,Plutôt pas d'accord,"Oui, tout à fait",Souvent,Tout à fait d'accord,"Oui, plutôt",Plutôt d'accord,Ni d'accord ni pas d'accord,Oui,Merci beaucoup pour votre écoute et vos conseils ,,,,,,,,,,,,,,,,,,,,,,,,,,,,,,,,,,,,,,,,,,,
118871999373,460233946,05/23/2025 01:45:42 PM,05/23/2025 01:54:23 PM,,,,,,Vannes,Mère,,Une famille nucléaireUne famille composée d'un couple de parents et leur(s) enfant(s),,Non,Entre 40 et 49 ans,Non,Sans enfant,Employé(e),Vous habitez dans une maison dont vous êtes propriétaire ou locataire,,2,0,16 ans,13 ans,,,,,,,,,,,Ni l'un ni l'autre,,,Oui,,,,,,,,,,,,,,,,,,,,,,,,,,,,,,,,,,,,,,,,,,,,,,,,,,,Inquiétudes sur l’état psychologique de mon aînée.,Moyen,,,,La difficulté à avoir un rendez-vous avec un de ces professionnels,Le manque d’information sur ce que font ces professionnels,Le fait de ne pas savoir à qui s’adresser,,Important pour moi,Très important pour moi,Important pour moi,Important pour moi,Neutre,Pas très important pour moi,Important pour moi,Neutre,Très important pour moi,Très important pour moi,,"Oui, tout à fait","Oui, un peu","Oui, tout à fait","Oui, un peu",Non,"Oui, plutôt",,,,,Je ne comprends pas mon enfant,,"Oui, plutôt",Plutôt pas d'accord,Plutôt pas d'accord,Plutôt pas d'accord,Plutôt d'accord,Pas du tout d'accord,Souvent,Ni d'accord ni pas d'accord,Pas du tout d'accord,Plutôt pas d'accord,"Merci pour cet accueil sans délai et avec douceur, je reviendrai très certainement."
118871498659,460233946,05/22/2025 08:32:30 PM,05/22/2025 09:51:00 PM,,,,,,Muzillac,Mère,,Une famille nucléaireUne famille composée d'un couple de parents et leur(s) enfant(s),,Non,Entre 18 et 39 ans,Non,Accompagné(e) d'un ou plusieurs enfant(s),Employé(e),Vous habitez dans une maison dont vous êtes propriétaire ou locataire,,2,0,10 ans,4 ans,,,,,,,,,,,,Contacté l'antenne pour obtenir des informations pratiques,,Oui,,,,,,,,,,,,,,,,,,,,,,,,,,,,,,,,,,,,,,,,,,,,,,,,,,,Besoins d'aide pour mon fils ,Moyen,Le prix de la consultation,L’image de ces professionnels,La peur que l’entourage apprenne que je consulte ce professionnel,,,Le fait de ne pas savoir à qui s’adresser,"La difficulté de me confier, la peur de ce que je peux découvrir sur moi",Pas du tout important pour moi,Important pour moi,Important pour moi,Important pour moi,Important pour moi,Très important pour moi,Important pour moi,Important pour moi,Très important pour moi,Très important pour moi,,"Oui, tout à fait","Oui, tout à fait","Oui, un peu","Oui, un peu","Oui, un peu","Oui, tout à fait",,Elle est conflictuelle,,,,,"Non, plutôt pas",Ni d'accord ni pas d'accord,Ni d'accord ni pas d'accord,Ni d'accord ni pas d'accord,Ni d'accord ni pas d'accord,Plutôt d'accord,Souvent,Plutôt d'accord,Tout à fait d'accord,Ni d'accord ni pas d'accord,"Merci pour votre écoute,  cela fait beaucoup de bien de pouvoir parlé et orienté ver des solutions,  mon fils était super content mille merci "
118868476582,460233946,05/19/2025 12:44:50 PM,05/19/2025 01:19:10 PM,,,,,,Paris - Gare de l'Est,Mère,,Une famille séparée,,Non,Entre 18 et 39 ans,Non,Sans enfant,"Cadre, profession intellectuelle supérieure",Vous habitez dans un appartement dont vous êtes propriétaire ou locataire,,1,0,3 ans,,,,,,,,,,,,,,"Contacté le ""Fil des Pâtes au Beurre"", et obtenu une consultation clinique téléphonique",Oui,,,,,,,,,,,,,,,,,,,,,,,,,,,,,,,,,,,,,,,,,,,,,,,,,,,Comment parler à mon enfant de notre séparation avec son père dans le cadre d’une cohabitation pour une durée indéterminée ,Bon,Le prix de la consultation,,,,,Le fait de ne pas savoir à qui s’adresser,,Très important pour moi,Très important pour moi,Important pour moi,Très important pour moi,Neutre,Important pour moi,Très important pour moi,Important pour moi,Très important pour moi,Très important pour moi,,"Oui, tout à fait","Oui, tout à fait","Oui, tout à fait","Oui, tout à fait","Oui, un peu","Oui, tout à fait",Elle a toujours été épanouissante,,,,,,"Oui, plutôt",Plutôt d'accord,Plutôt d'accord,Plutôt d'accord,Ni d'accord ni pas d'accord,Tout à fait d'accord,Parfois,Plutôt d'accord,Tout à fait d'accord,Tout à fait d'accord,Merci !!!
118866411763,460233946,05/15/2025 10:06:53 PM,05/15/2025 10:16:21 PM,,,,,,Muzillac,Mère,,Une famille nucléaireUne famille composée d'un couple de parents et leur(s) enfant(s),,Non,Entre 18 et 39 ans,Non,Accompagné(e) d'un ou plusieurs enfant(s),Employé(e),Vous habitez dans une maison dont vous êtes propriétaire ou locataire,,1,0,2 ans,,,,,,,,,,,,Ni l'un ni l'autre,,,Non,Moins d'un mois,,5 fois ou plus,besoin de parler et rencontrer d'autre personne,Moyen,Le prix de la consultation,,,La difficulté à avoir un rendez-vous avec un de ces professionnels,,,"La difficulté de me confier, la peur de ce que je peux découvrir sur moi",Important pour moi,Très important pour moi,Important pour moi,Très important pour moi,Important pour moi,Très important pour moi,Important pour moi,Neutre,Neutre,Neutre,,"Oui, tout à fait","Oui, tout à fait","Oui, un peu","Oui, un peu","Oui, un peu","Oui, plutôt",,,,Elle est maintenant apaisée,,,"Oui, plutôt",Plutôt d'accord,Plutôt d'accord,Plutôt d'accord,Ni d'accord ni pas d'accord,Plutôt d'accord,Plutôt d'accord,"Non, plutôt pas",Souvent,Tout à fait d'accord,"Oui, plutôt",Plutôt d'accord,Plutôt pas d'accord,Non,,,,,,,,,,,,,,,,,,,,,,,,,,,,,,,,,,,,,,,,,,,,
118866301387,460233946,05/15/2025 08:00:41 PM,05/15/2025 09:11:23 PM,,,,,,Muzillac,Père,,Une famille monoparentale,,Non,Entre 40 et 49 ans,Non,Accompagné(e) d'un ou plusieurs enfant(s),Employé(e),Vous habitez dans une maison dont vous êtes propriétaire ou locataire,,2,1,18 ans,16 ans,14 ans,,,,,,,,,,Ni l'un ni l'autre,,,Non,6 mois et plus (veuillez précisez le nombre de mois),1 an,5 fois ou plus,,Bon,Le prix de la consultation,,,La difficulté à avoir un rendez-vous avec un de ces professionnels,,,,Neutre,Neutre,Important pour moi,Très important pour moi,Important pour moi,Très important pour moi,Très important pour moi,Important pour moi,Neutre,Important pour moi,,"Oui, tout à fait","Oui, tout à fait","Oui, un peu","Oui, un peu",Non,"Oui, tout à fait",Elle a toujours été épanouissante,,,,,,"Oui, tout à fait",Ni d'accord ni pas d'accord,Ni d'accord ni pas d'accord,Plutôt pas d'accord,Ni d'accord ni pas d'accord,Ni d'accord ni pas d'accord,Plutôt d'accord,"Oui, plutôt",Parfois,Ni d'accord ni pas d'accord,"Oui, plutôt",Plutôt d'accord,Plutôt d'accord,Non,,,,,,,,,,,,,,,,,,,,,,,,,,,,,,,,,,,,,,,,,,,,
118866299035,460233946,05/15/2025 07:59:07 PM,05/15/2025 08:07:16 PM,,,,,,Muzillac,Mère,,Une famille monoparentale,,Non,Entre 40 et 49 ans,Non,Accompagné(e) d'un ou plusieurs enfant(s),Employé(e),Vous habitez dans un appartement dont vous êtes propriétaire ou locataire,,1,0,6 ans,,,,,,,,,,,,Ni l'un ni l'autre,,,Oui,,,,,,,,,,,,,,,,,,,,,,,,,,,,,,,,,,,,,,,,,,,,,,,,,,,Crise de colère de ma fille,Bon,Le prix de la consultation,,,,,,,Neutre,Neutre,Important pour moi,Neutre,Important pour moi,Important pour moi,Très important pour moi,Important pour moi,Très important pour moi,Très important pour moi,,"Oui, tout à fait","Oui, tout à fait","Oui, un peu","Oui, un peu","Oui, un peu","Oui, tout à fait",,,Elle peut être violente,,,,"Oui, plutôt",Plutôt d'accord,Tout à fait d'accord,Tout à fait d'accord,Ni d'accord ni pas d'accord,Tout à fait d'accord,Rarement,Ni d'accord ni pas d'accord,Tout à fait d'accord,Plutôt d'accord,Merci pour l'écoute 
118866139875,460233946,05/15/2025 05:16:03 PM,05/15/2025 05:27:38 PM,,,,,,Bruxelles,Mère,,Une famille monoparentale,,Non,Entre 18 et 39 ans,Non,Accompagné(e) d'un ou plusieurs enfant(s),Sans activité professionnelle,Vous habitez dans un appartement dont vous êtes propriétaire ou locataire,,3,0,9 ans,14 ans,15 ans,,,,,,,,,,,Contacté l'antenne pour obtenir des informations pratiques,,Oui,,,,,,,,,,,,,,,,,,,,,,,,,,,,,,,,,,,,,,,,,,,,,,,,,,,Mon fils de 9 ans a tout le temps peur,Moyen,,,,La difficulté à avoir un rendez-vous avec un de ces professionnels,,Le fait de ne pas savoir à qui s’adresser,,Neutre,Important pour moi,Très important pour moi,Très important pour moi,Important pour moi,Très important pour moi,Important pour moi,Très important pour moi,Très important pour moi,Très important pour moi,,"Oui, tout à fait","Oui, tout à fait","Oui, tout à fait","Oui, un peu","Oui, tout à fait","Oui, plutôt",Elle a toujours été épanouissante,,,,,"Mon fils ne se sépare pas de moi depuis qu'il est né et encore plus depuis le divorce avec son père en 2024. Il dort avec moi depuis qu'il est petit et a peur quand je le laisse avec ses freres/soeurs. Depuis quelques temps, l'école m'appelle souvent pour venir le chercher car il a peur, mal au ventre ","Oui, plutôt",Plutôt d'accord,Plutôt d'accord,Plutôt d'accord,Plutôt d'accord,Plutôt d'accord,Parfois,Ni d'accord ni pas d'accord,Plutôt pas d'accord,Plutôt pas d'accord,
118864425892,460233946,05/13/2025 08:07:15 PM,05/13/2025 08:15:50 PM,,,,,,Ploërmel,Mère,,Une famille monoparentale,,Non,Plus de 50 ans,Non,Sans enfant,Sans activité professionnelle,Vous habitez dans une maison dont vous êtes propriétaire ou locataire,,2,0,13 ans,12 ans,,,,,,,,,,,,Contacté l'antenne pour obtenir des informations pratiques,,Non,Entre 1 mois et 3 mois,,5 fois ou plus,Difficultés dans mon rôle de maman ,Bon,Le prix de la consultation,,,La difficulté à avoir un rendez-vous avec un de ces professionnels,,,,Important pour moi,Important pour moi,Important pour moi,Très important pour moi,Important pour moi,Important pour moi,Important pour moi,Important pour moi,Très important pour moi,Très important pour moi,,"Oui, tout à fait","Oui, un peu","Oui, tout à fait","Oui, tout à fait","Oui, tout à fait","Oui, plutôt",,,,Elle est maintenant apaisée,,,"Oui, plutôt",Plutôt d'accord,Plutôt d'accord,Plutôt d'accord,Plutôt d'accord,Plutôt d'accord,Ni d'accord ni pas d'accord,"Oui, plutôt",Parfois,Plutôt d'accord,"Oui, plutôt",Ni d'accord ni pas d'accord,Plutôt pas d'accord,Oui,Accueil très bienveillant ,,,,,,,,,,,,,,,,,,,,,,,,,,,,,,,,,,,,,,,,,,,
118863366012,460233946,05/12/2025 05:48:35 PM,05/12/2025 05:54:42 PM,,,,,,Buxerolles (Poitiers),Mère,,Une famille nucléaireUne famille composée d'un couple de parents et leur(s) enfant(s),,Oui,Entre 18 et 39 ans,Non,Sans enfant,Agriculteur·rice exploitant(e),Vous habitez dans une maison dont vous êtes propriétaire ou locataire,,1,0,5 ans,,,,,,,,,,,,,Contacté l'antenne pour obtenir des informations pratiques,,Oui,,,,,,,,,,,,,,,,,,,,,,,,,,,,,,,,,,,,,,,,,,,,,,,,,,,,Bon,,,,La difficulté à avoir un rendez-vous avec un de ces professionnels,,,,Important pour moi,Important pour moi,Important pour moi,Important pour moi,Important pour moi,Important pour moi,Important pour moi,Important pour moi,Important pour moi,Important pour moi,,"Oui, un peu","Oui, un peu","Oui, un peu","Oui, un peu","Oui, un peu","Oui, plutôt",,,,Elle est maintenant apaisée,,,"Oui, plutôt",Plutôt d'accord,Plutôt d'accord,Plutôt d'accord,Plutôt d'accord,Plutôt d'accord,,,,,
118860044852,460233946,05/07/2025 06:13:58 PM,05/07/2025 06:42:31 PM,,,,,,Vannes,Mère,,Une famille monoparentale,,Non,Entre 18 et 39 ans,Non,Accompagné(e) d'un ou plusieurs enfant(s),Employé(e),Vous habitez dans un appartement dont vous êtes propriétaire ou locataire,,2,0,11 ans,5 ans,,,,,,,,,,,Ni l'un ni l'autre,,,Non,Moins d'un mois,,5 fois ou plus,,Moyen,Le prix de la consultation,,,,,,"La difficulté de me confier, la peur de ce que je peux découvrir sur moi",Neutre,Neutre,Neutre,Important pour moi,Très important pour moi,Très important pour moi,Très important pour moi,Très important pour moi,Important pour moi,Très important pour moi,,"Oui, tout à fait",Non,"Oui, un peu","Oui, tout à fait","Oui, tout à fait","Oui, plutôt",,,Elle peut être violente,,,,"Non, pas du tout",Ni d'accord ni pas d'accord,Plutôt d'accord,Ni d'accord ni pas d'accord,Pas du tout d'accord,Ni d'accord ni pas d'accord,Pas du tout d'accord,"Non, plutôt pas",Très souvent,Tout à fait d'accord,"Oui, plutôt",Pas du tout d'accord,Plutôt pas d'accord,Oui,Ne changez rien vous êtes une équipe génial ,,,,,,,,,,,,,,,,,,,,,,,,,,,,,,,,,,,,,,,,,,,
118859162327,460233946,05/06/2025 07:46:08 PM,05/06/2025 07:52:57 PM,,,,,,Blois,Mère,,Une famille nucléaireUne famille composée d'un couple de parents et leur(s) enfant(s),,Non,Entre 40 et 49 ans,Non,Accompagné(e) d'un ou plusieurs enfant(s),"Cadre, profession intellectuelle supérieure",Vous habitez dans une maison dont vous êtes propriétaire ou locataire,,4,0,12 ans,10 ans,8 ans,4 ans,,,,,,,,,Ni l'un ni l'autre,,,Oui,,,,,,,,,,,,,,,,,,,,,,,,,,,,,,,,,,,,,,,,,,,,,,,,,,,Résoudre une situation ponctuelle ,Moyen,,,,La difficulté à avoir un rendez-vous avec un de ces professionnels,,Le fait de ne pas savoir à qui s’adresser,,Neutre,Important pour moi,Important pour moi,Important pour moi,Très important pour moi,Important pour moi,Très important pour moi,Neutre,Très important pour moi,Très important pour moi,C'est fondamental d'offrir aux usagers ce service ! Merci merci !,"Oui, tout à fait","Oui, tout à fait","Oui, tout à fait","Oui, un peu","Oui, tout à fait","Oui, tout à fait",,,,Elle est maintenant apaisée,,,"Oui, plutôt",Plutôt pas d'accord,Ni d'accord ni pas d'accord,Plutôt d'accord,Plutôt d'accord,Plutôt d'accord,Parfois,Ni d'accord ni pas d'accord,Plutôt d'accord,Plutôt pas d'accord,Bravo ! Il faut poursuivre cette belle mission offerte aux familles !
118854137835,460233946,04/29/2025 08:07:41 PM,04/29/2025 08:14:22 PM,,,,,,Blois,Mère,,Une famille nucléaireUne famille composée d'un couple de parents et leur(s) enfant(s),,Non,Entre 40 et 49 ans,Non,Sans enfant,"Cadre, profession intellectuelle supérieure",Vous habitez dans une maison dont vous êtes propriétaire ou locataire,,2,1,16 ans,13 ans,19 ans,,,,,,,,,,Ni l'un ni l'autre,,,Non,Entre 1 mois et 3 mois,,2 fois,Accueil gratuit et anonyme ,Bon,Le prix de la consultation,,,La difficulté à avoir un rendez-vous avec un de ces professionnels,,,,Neutre,Très important pour moi,Important pour moi,Très important pour moi,Neutre,Très important pour moi,Important pour moi,Important pour moi,Important pour moi,Très important pour moi,,"Oui, un peu","Oui, un peu","Oui, tout à fait","Oui, tout à fait","Oui, un peu","Oui, tout à fait",,,,,,Bonne relation mais il y a des questions,"Oui, plutôt",Plutôt d'accord,Plutôt pas d'accord,Plutôt d'accord,Plutôt d'accord,Plutôt d'accord,Ni d'accord ni pas d'accord,"Non, plutôt pas",Rarement,Pas du tout d'accord,"Oui, tout à fait",Plutôt d'accord,Plutôt d'accord,Non,,,,,,,,,,,,,,,,,,,,,,,,,,,,,,,,,,,,,,,,,,,,
118853284862,460233946,04/28/2025 10:00:40 PM,04/28/2025 10:10:17 PM,,,,,,Blois,Père,,Une famille nucléaireUne famille composée d'un couple de parents et leur(s) enfant(s),,Non,Entre 40 et 49 ans,Non,Sans enfant,"Artisan(e), commerçant(e), chef·fe d'entreprise",Vous habitez dans une maison dont vous êtes propriétaire ou locataire,,2,1,19 ans,16 ans,13 ans,,,,,,,,,,Ni l'un ni l'autre,,,Oui,,,,,,,,,,,,,,,,,,,,,,,,,,,,,,,,,,,,,,,,,,,,,,,,,,,"Aborder les questions liées à la fratrie, la place dans celle-ci... tout ça avec dans le contexte d'enfants adolescents ou jeunes étudiants.",Bon,,,La peur que l’entourage apprenne que je consulte ce professionnel,La difficulté à avoir un rendez-vous avec un de ces professionnels,,Le fait de ne pas savoir à qui s’adresser,,Important pour moi,Très important pour moi,Très important pour moi,Important pour moi,Neutre,Important pour moi,Important pour moi,Neutre,Très important pour moi,Très important pour moi,,"Oui, tout à fait","Oui, un peu","Oui, un peu","Oui, un peu","Oui, un peu","Oui, plutôt",,,,,,Elle est relativement apaisée et épanouissante mais pas sans questionnements !,"Oui, plutôt",Plutôt d'accord,Plutôt d'accord,Plutôt d'accord,Tout à fait d'accord,Plutôt d'accord,Rarement,Plutôt pas d'accord,Plutôt pas d'accord,Plutôt pas d'accord,
118846117466,460233946,04/17/2025 10:02:10 PM,04/17/2025 10:06:40 PM,,,,,,Avignon,Mère,,Une famille nucléaireUne famille composée d'un couple de parents et leur(s) enfant(s),,Oui,Entre 18 et 39 ans,Non,Sans enfant,Profession intermédiaire,Vous habitez dans une maison dont vous êtes propriétaire ou locataire,,3,0,2 ans,4 ans,7 ans,,,,,,,,,,Ni l'un ni l'autre,,,Oui,,,,,,,,,,,,,,,,,,,,,,,,,,,,,,,,,,,,,,,,,,,,,,,,,,,,Bon,,,,,Le manque d’information sur ce que font ces professionnels,,,Pas très important pour moi,Neutre,Neutre,Neutre,Neutre,Neutre,Neutre,Pas très important pour moi,Pas très important pour moi,Neutre,,"Oui, un peu","Oui, un peu","Oui, un peu","Oui, un peu","Oui, un peu",Ni oui ni non,,Elle est conflictuelle,,,,,"Oui, plutôt",Ni d'accord ni pas d'accord,Ni d'accord ni pas d'accord,Ni d'accord ni pas d'accord,Ni d'accord ni pas d'accord,Ni d'accord ni pas d'accord,,,,,
